SETTLEMENTDATE,TOTALDEMAND,RRP,TOTALDEMAND_lag_1,TOTALDEMAND_lag_2,TOTALDEMAND_lag_3
2018-01-01 00:00:00,0.15220395716012713,0.2640247040658775,,,
2018-01-01 01:00:00,0.10566981344122273,0.2092897581060216,0.15220395716012713,,
2018-01-01 02:00:00,0.048370268447814,0.15347400926402466,0.10566981344122273,0.15220395716012713,
2018-01-01 03:00:00,0.01995513720058556,0.14665465774575395,0.048370268447814,0.10566981344122273,0.15220395716012713
2018-01-01 04:00:00,0.007755310941420179,0.13780236747297991,0.01995513720058556,0.048370268447814,0.10566981344122273
2018-01-01 05:00:00,0.010156397125378858,0.13435409161091091,0.007755310941420179,0.01995513720058556,0.048370268447814
2018-01-01 06:00:00,0.03392654286113489,0.1210241893978384,0.010156397125378858,0.007755310941420179,0.01995513720058556
2018-01-01 07:00:00,0.08204774228037881,0.14493051981471947,0.03392654286113489,0.010156397125378858,0.007755310941420179
2018-01-01 08:00:00,0.1361731758731085,0.14606278950077195,0.08204774228037881,0.03392654286113489,0.010156397125378858
2018-01-01 09:00:00,0.19305051848881927,0.15990735975295933,0.1361731758731085,0.08204774228037881,0.03392654286113489
2018-01-01 10:00:00,0.2519834399470272,0.17815234173957797,0.19305051848881927,0.1361731758731085,0.08204774228037881
2018-01-01 11:00:00,0.2853966576151338,0.19935666495110652,0.2519834399470272,0.19305051848881927,0.1361731758731085
2018-01-01 12:00:00,0.28857912194055146,0.15653628409675757,0.2853966576151338,0.2519834399470272,0.19305051848881927
2018-01-01 13:00:00,0.3052508003620613,0.20398867730313944,0.28857912194055146,0.2853966576151338,0.2519834399470272
2018-01-01 14:00:00,0.32434406760097934,0.22876994338651568,0.3052508003620613,0.28857912194055146,0.2853966576151338
2018-01-01 15:00:00,0.3611394604314362,0.22768914050437467,0.32434406760097934,0.3052508003620613,0.28857912194055146
2018-01-01 16:00:00,0.401969315910651,0.2696088522902727,0.3611394604314362,0.32434406760097934,0.3052508003620613
2018-01-01 17:00:00,0.42680939536974594,0.23718476582604214,0.401969315910651,0.3611394604314362,0.32434406760097934
2018-01-01 18:00:00,0.40886351624719797,0.1841996911991765,0.42680939536974594,0.401969315910651,0.3611394604314362
2018-01-01 19:00:00,0.3529968775248614,0.167421513124035,0.40886351624719797,0.42680939536974594,0.401969315910651
2018-01-01 20:00:00,0.33894649875769234,0.1923314462171899,0.3529968775248614,0.40886351624719797,0.42680939536974594
2018-01-01 21:00:00,0.30357110313280233,0.15339680905815747,0.33894649875769234,0.3529968775248614,0.40886351624719797
2018-01-01 22:00:00,0.2578418776159842,0.13046834791559442,0.30357110313280233,0.33894649875769234,0.3529968775248614
2018-01-01 23:00:00,0.20043298524417874,0.11345856922285122,0.2578418776159842,0.30357110313280233,0.33894649875769234
2018-01-02 00:00:00,0.15070043070717376,0.08772516726711266,0.20043298524417874,0.2578418776159842,0.30357110313280233
2018-01-02 01:00:00,0.08055105003857532,0.07588780236747295,0.15070043070717376,0.20043298524417874,0.2578418776159842
2018-01-02 02:00:00,0.026593434297412788,0.07125579001544002,0.08055105003857532,0.15070043070717376,0.20043298524417874
2018-01-02 03:00:00,0.011626511879377632,0.07421513124034992,0.026593434297412788,0.08055105003857532,0.15070043070717376
2018-01-02 04:00:00,0.029720465576837773,0.06775604734945956,0.011626511879377632,0.026593434297412788,0.08055105003857532
2018-01-02 05:00:00,0.07658492950131512,0.13481729284611427,0.029720465576837773,0.011626511879377632,0.026593434297412788
2018-01-02 06:00:00,0.16576834757886683,0.13430262480699948,0.07658492950131512,0.029720465576837773,0.011626511879377632
2018-01-02 07:00:00,0.2570650556152917,0.1543489449305198,0.16576834757886683,0.07658492950131512,0.029720465576837773
2018-01-02 08:00:00,0.32577773322884584,0.16919711785898095,0.2570650556152917,0.16576834757886683,0.07658492950131512
2018-01-02 09:00:00,0.3556546263053344,0.19840452907874417,0.32577773322884584,0.2570650556152917,0.16576834757886683
2018-01-02 10:00:00,0.3756439345616689,0.17861554297478124,0.3556546263053344,0.32577773322884584,0.2570650556152917
2018-01-02 11:00:00,0.39411604794275057,0.20463201235203293,0.3756439345616689,0.3556546263053344,0.32577773322884584
2018-01-02 12:00:00,0.43185911805264465,0.2268399382398353,0.39411604794275057,0.3756439345616689,0.3556546263053344
2018-01-02 13:00:00,0.47255077059527495,0.23721049922799792,0.43185911805264465,0.39411604794275057,0.3756439345616689
2018-01-02 14:00:00,0.49720252956935374,0.23224395265054038,0.47255077059527495,0.43185911805264465,0.39411604794275057
2018-01-02 15:00:00,0.5186771397155754,0.2474009264024704,0.49720252956935374,0.47255077059527495,0.43185911805264465
2018-01-02 16:00:00,0.5162783316019998,0.22949047864127636,0.5186771397155754,0.49720252956935374,0.47255077059527495
2018-01-02 17:00:00,0.4839570690042706,0.1972979927946474,0.5162783316019998,0.5186771397155754,0.49720252956935374
2018-01-02 18:00:00,0.44264805938777607,0.19477611940298506,0.4839570690042706,0.5162783316019998,0.5186771397155754
2018-01-02 19:00:00,0.3998393201023006,0.18419969119917654,0.44264805938777607,0.4839570690042706,0.5162783316019998
2018-01-02 20:00:00,0.3712806704209266,0.20059186824498196,0.3998393201023006,0.44264805938777607,0.4839570690042706
2018-01-02 21:00:00,0.3342916416078925,0.14552238805970147,0.3712806704209266,0.3998393201023006,0.44264805938777607
2018-01-02 22:00:00,0.2835157308353532,0.1253731343283582,0.3342916416078925,0.3712806704209266,0.3998393201023006
2018-01-02 23:00:00,0.23347335872622443,0.13533196088522903,0.2835157308353532,0.3342916416078925,0.3712806704209266
2018-01-03 00:00:00,0.17456018054467137,0.11199176531137411,0.23347335872622443,0.2835157308353532,0.3342916416078925
2018-01-03 01:00:00,0.11017279923213841,0.06332990221307255,0.17456018054467137,0.23347335872622443,0.2835157308353532
2018-01-03 02:00:00,0.04368503702623727,0.05746268656716416,0.11017279923213841,0.17456018054467137,0.23347335872622443
2018-01-03 03:00:00,0.022878660859105893,0.06948018528049404,0.04368503702623727,0.11017279923213841,0.17456018054467137
2018-01-03 04:00:00,0.040765310151689105,0.07743180648481726,0.022878660859105893,0.04368503702623727,0.11017279923213841
2018-01-03 05:00:00,0.08739892961066259,0.09999999999999995,0.040765310151689105,0.022878660859105893,0.04368503702623727
2018-01-03 06:00:00,0.16769027962554595,0.12092125579001539,0.08739892961066259,0.040765310151689105,0.022878660859105893
2018-01-03 07:00:00,0.2559366514187823,0.1344055584148224,0.16769027962554595,0.08739892961066259,0.040765310151689105
2018-01-03 08:00:00,0.3100674005090728,0.14266598044261444,0.2559366514187823,0.16769027962554595,0.08739892961066259
2018-01-03 09:00:00,0.3291021972748204,0.15154400411734428,0.3100674005090728,0.2559366514187823,0.16769027962554595
2018-01-03 10:00:00,0.33052826933474266,0.1446217189912506,0.3291021972748204,0.3100674005090728,0.2559366514187823
2018-01-03 11:00:00,0.3220151203124906,0.149408131755018,0.33052826933474266,0.3291021972748204,0.3100674005090728
2018-01-03 12:00:00,0.31315646394877683,0.15910962429233141,0.3220151203124906,0.33052826933474266,0.3291021972748204
2018-01-03 13:00:00,0.30720538475090065,0.1480185280494081,0.31315646394877683,0.3220151203124906,0.33052826933474266
2018-01-03 14:00:00,0.3240752552957543,0.17472979927946475,0.30720538475090065,0.31315646394877683,0.3220151203124906
2018-01-03 15:00:00,0.34065201411796164,0.15697375193000512,0.3240752552957543,0.30720538475090065,0.31315646394877683
2018-01-03 16:00:00,0.35010524685170685,0.14490478641276378,0.34065201411796164,0.3240752552957543,0.30720538475090065
2018-01-03 17:00:00,0.34271898331237516,0.14029850746268654,0.35010524685170685,0.34065201411796164,0.3240752552957543
2018-01-03 18:00:00,0.3195677133640721,0.13865156973751927,0.34271898331237516,0.35010524685170685,0.34065201411796164
2018-01-03 19:00:00,0.30347162739273326,0.16911991765311374,0.3195677133640721,0.34271898331237516,0.35010524685170685
2018-01-03 20:00:00,0.29964143172167446,0.13196088522902724,0.30347162739273326,0.3195677133640721,0.34271898331237516
2018-01-03 21:00:00,0.2561485119644257,0.1074884199691199,0.29964143172167446,0.30347162739273326,0.3195677133640721
2018-01-03 22:00:00,0.2418513422390699,0.10797735460627894,0.2561485119644257,0.29964143172167446,0.30347162739273326
2018-01-03 23:00:00,0.20680398874936978,0.12179619145651052,0.2418513422390699,0.2561485119644257,0.29964143172167446
2018-01-04 00:00:00,0.1624332525377704,0.11278950077200206,0.20680398874936978,0.2418513422390699,0.2561485119644257
2018-01-04 01:00:00,0.09871182713394444,0.05537828100874932,0.1624332525377704,0.20680398874936978,0.2418513422390699
2018-01-04 02:00:00,0.031957530693201674,0.05712815234173954,0.09871182713394444,0.1624332525377704,0.20680398874936978
2018-01-04 03:00:00,0.010693262379034507,0.03322182192485844,0.031957530693201674,0.09871182713394444,0.1624332525377704
2018-01-04 04:00:00,0.03148597012386628,0.06667524446731857,0.010693262379034507,0.031957530693201674,0.09871182713394444
2018-01-04 05:00:00,0.0819239671228883,0.07542460113226968,0.03148597012386628,0.010693262379034507,0.031957530693201674
2018-01-04 06:00:00,0.15993724675450915,0.1002058672156459,0.0819239671228883,0.03148597012386628,0.010693262379034507
2018-01-04 07:00:00,0.23698842132759856,0.1268399382398353,0.15993724675450915,0.0819239671228883,0.03148597012386628
2018-01-04 08:00:00,0.28795113387156535,0.12740607308286156,0.23698842132759856,0.15993724675450915,0.0819239671228883
2018-01-04 09:00:00,0.3112451628972196,0.14351518270715388,0.28795113387156535,0.23698842132759856,0.15993724675450915
2018-01-04 10:00:00,0.30693125694811463,0.1431806484817293,0.3112451628972196,0.28795113387156535,0.23698842132759856
2018-01-04 11:00:00,0.2998783510415338,0.13715903242408645,0.30693125694811463,0.3112451628972196,0.28795113387156535
2018-01-04 12:00:00,0.28336461883326336,0.13005661348430259,0.2998783510415338,0.30693125694811463,0.3112451628972196
2018-01-04 13:00:00,0.29611725683876733,0.1356664951106536,0.28336461883326336,0.2998783510415338,0.30693125694811463
2018-01-04 14:00:00,0.316877312241439,0.1365928975810602,0.29611725683876733,0.28336461883326336,0.2998783510415338
2018-01-04 15:00:00,0.33923125755560013,0.14065877509006688,0.316877312241439,0.29611725683876733,0.28336461883326336
2018-01-04 16:00:00,0.38397483795326004,0.18237261966031906,0.33923125755560013,0.316877312241439,0.29611725683876733
2018-01-04 17:00:00,0.4089007247301245,0.26150283067421515,0.38397483795326004,0.33923125755560013,0.316877312241439
2018-01-04 18:00:00,0.4028987686270221,0.20352547606793614,0.4089007247301245,0.38397483795326004,0.33923125755560013
2018-01-04 19:00:00,0.36773219612059793,0.10687081832218215,0.4028987686270221,0.4089007247301245,0.38397483795326004
2018-01-04 20:00:00,0.35933902547186436,0.12961914565105506,0.36773219612059793,0.4028987686270221,0.4089007247301245
2018-01-04 21:00:00,0.31254670044285693,0.0952135872362326,0.35933902547186436,0.36773219612059793,0.4028987686270221
2018-01-04 22:00:00,0.27662760535316167,0.0948533196088523,0.31254670044285693,0.35933902547186436,0.36773219612059793
2018-01-04 23:00:00,0.23794369217498024,0.09801852804940811,0.27662760535316167,0.31254670044285693,0.35933902547186436
2018-01-05 00:00:00,0.1930383687801085,0.08021101389603705,0.23794369217498024,0.27662760535316167,0.31254670044285693
2018-01-05 01:00:00,0.12392171335192242,0.07429233144621716,0.1930383687801085,0.23794369217498024,0.27662760535316167
2018-01-05 02:00:00,0.05465850206241307,0.07014925373134326,0.12392171335192242,0.1930383687801085,0.23794369217498024
2018-01-05 03:00:00,0.03337449047159097,0.07514153371075655,0.05465850206241307,0.12392171335192242,0.1930383687801085
2018-01-05 04:00:00,0.05206605796626029,0.07640247040658771,0.03337449047159097,0.05465850206241307,0.12392171335192242
2018-01-05 05:00:00,0.09763657791304453,0.07979927946474519,0.05206605796626029,0.03337449047159097,0.05465850206241307
2018-01-05 06:00:00,0.17730145857253077,0.09549665465774573,0.09763657791304453,0.05206605796626029,0.03337449047159097
2018-01-05 07:00:00,0.25437693256304184,0.11294390118373648,0.17730145857253077,0.09763657791304453,0.05206605796626029
2018-01-05 08:00:00,0.3098031443446144,0.11137416366443642,0.25437693256304184,0.17730145857253077,0.09763657791304453
2018-01-05 09:00:00,0.3356888581096268,0.12889861039629436,0.3098031443446144,0.25437693256304184,0.17730145857253077
2018-01-05 10:00:00,0.3586753476335406,0.1320638188368502,0.3356888581096268,0.3098031443446144,0.25437693256304184
2018-01-05 11:00:00,0.37803287103691696,0.12341739577972208,0.3586753476335406,0.3356888581096268,0.3098031443446144
2018-01-05 12:00:00,0.4126595408625079,0.1283839423571796,0.37803287103691696,0.3586753476335406,0.3356888581096268
2018-01-05 13:00:00,0.4293122353641572,0.15699948533196087,0.4126595408625079,0.37803287103691696,0.3586753476335406
2018-01-05 14:00:00,0.4779657438962902,0.16423057128152338,0.4293122353641572,0.4126595408625079,0.37803287103691696
2018-01-05 15:00:00,0.5179352481274261,0.18196088522902726,0.4779657438962902,0.4293122353641572,0.4126595408625079
2018-01-05 16:00:00,0.5624844331857144,0.2792074112197633,0.5179352481274261,0.4779657438962902,0.4293122353641572
2018-01-05 17:00:00,0.5675394713661741,0.23821410190427167,0.5624844331857144,0.5179352481274261,0.4779657438962902
2018-01-05 18:00:00,0.5180445955058227,0.14071024189397835,0.5675394713661741,0.5624844331857144,0.5179352481274261
2018-01-05 19:00:00,0.4558540333995492,0.15200720535254755,0.5180445955058227,0.5675394713661741,0.5624844331857144
2018-01-05 20:00:00,0.41954311020393276,0.1520844055584148,0.4558540333995492,0.5180445955058227,0.5675394713661741
2018-01-05 21:00:00,0.36380784020703094,0.12519300051466803,0.41954311020393276,0.4558540333995492,0.5180445955058227
2018-01-05 22:00:00,0.32395983306300224,0.10221307256819348,0.36380784020703094,0.41954311020393276,0.4558540333995492
2018-01-05 23:00:00,0.27763451246256377,0.12277406073082861,0.32395983306300224,0.36380784020703094,0.41954311020393276
2018-01-06 00:00:00,0.21002290220091968,0.106690684508492,0.27763451246256377,0.32395983306300224,0.36380784020703094
2018-01-06 01:00:00,0.14234902468213317,0.07323726196603189,0.21002290220091968,0.27763451246256377,0.32395983306300224
2018-01-06 02:00:00,0.06012738969583209,0.04289758106021614,0.14234902468213317,0.21002290220091968,0.27763451246256377
2018-01-06 03:00:00,0.028223013978239897,0.04498198661863097,0.06012738969583209,0.14234902468213317,0.21002290220091968
2018-01-06 04:00:00,0.029893598925965825,0.055635615028306704,0.028223013978239897,0.06012738969583209,0.14234902468213317
2018-01-06 05:00:00,0.0454816752018371,0.0669583118888317,0.029893598925965825,0.028223013978239897,0.06012738969583209
2018-01-06 06:00:00,0.09641856961479345,0.061271230056613446,0.0454816752018371,0.029893598925965825,0.028223013978239897
2018-01-06 07:00:00,0.17656943862270902,0.07915594441585178,0.09641856961479345,0.0454816752018371,0.029893598925965825
2018-01-06 08:00:00,0.26256203945010426,0.09076170869788983,0.17656943862270902,0.09641856961479345,0.0454816752018371
2018-01-06 09:00:00,0.3250654565556791,0.09866186309830158,0.26256203945010426,0.17656943862270902,0.09641856961479345
2018-01-06 10:00:00,0.3757403728745604,0.13329902213072567,0.3250654565556791,0.26256203945010426,0.17656943862270902
2018-01-06 11:00:00,0.4216321007453847,0.09225424601132268,0.3757403728745604,0.3250654565556791,0.26256203945010426
2018-01-06 12:00:00,0.480859652639828,0.11824498198661862,0.4216321007453847,0.3757403728745604,0.3250654565556791
2018-01-06 13:00:00,0.5379610055098929,0.15483787956767883,0.480859652639828,0.4216321007453847,0.3757403728745604
2018-01-06 14:00:00,0.6004583477611125,0.18036541430777145,0.5379610055098929,0.480859652639828,0.4216321007453847
2018-01-06 15:00:00,0.6588141580555605,0.24464745239320634,0.6004583477611125,0.5379610055098929,0.480859652639828
2018-01-06 16:00:00,0.7037346685863207,0.2925373134328358,0.6588141580555605,0.6004583477611125,0.5379610055098929
2018-01-06 17:00:00,0.7212978318844806,0.2643077714873906,0.7037346685863207,0.6588141580555605,0.6004583477611125
2018-01-06 18:00:00,0.7093075881005754,0.26868244981986616,0.7212978318844806,0.7037346685863207,0.6588141580555605
2018-01-06 19:00:00,0.6524393577663977,0.26554297478126604,0.7093075881005754,0.7212978318844806,0.7037346685863207
2018-01-06 20:00:00,0.6129793819443179,0.21744724652599068,0.6524393577663977,0.7093075881005754,0.7212978318844806
2018-01-06 21:00:00,0.5295587225796263,0.15844055584148226,0.6129793819443179,0.6524393577663977,0.7093075881005754
2018-01-06 22:00:00,0.44647066149089076,0.12287699433865154,0.5295587225796263,0.6129793819443179,0.6524393577663977
2018-01-06 23:00:00,0.35076209047888063,0.11919711785898096,0.44647066149089076,0.5295587225796263,0.6129793819443179
2018-01-07 00:00:00,0.25248081864737304,0.09719505918682447,0.35076209047888063,0.44647066149089076,0.5295587225796263
2018-01-07 01:00:00,0.17433389221993412,0.10702521873391663,0.25248081864737304,0.35076209047888063,0.44647066149089076
2018-01-07 02:00:00,0.10850449235479581,0.07429233144621716,0.17433389221993412,0.25248081864737304,0.35076209047888063
2018-01-07 03:00:00,0.08672158335003916,0.07256819351518268,0.10850449235479581,0.17433389221993412,0.25248081864737304
2018-01-07 04:00:00,0.07077509066720122,0.06829644879053007,0.08672158335003916,0.10850449235479581,0.17433389221993412
2018-01-07 05:00:00,0.07011900639682161,0.05923829130211011,0.07077509066720122,0.08672158335003916,0.10850449235479581
2018-01-07 06:00:00,0.10824631104469273,0.07336592897581057,0.07011900639682161,0.07077509066720122,0.08672158335003916
2018-01-07 07:00:00,0.20692852326365474,0.08690169840452905,0.10824631104469273,0.07011900639682161,0.07077509066720122
2018-01-07 08:00:00,0.33933301136605243,0.13422542460113224,0.20692852326365474,0.10824631104469273,0.07011900639682161
2018-01-07 09:00:00,0.49856025951777816,0.14575398867730313,0.33933301136605243,0.20692852326365474,0.10824631104469273
2018-01-07 10:00:00,0.6373349917685724,0.19222851260936696,0.49856025951777816,0.33933301136605243,0.20692852326365474
2018-01-07 11:00:00,0.7324360773450458,0.20959855892949042,0.6373349917685724,0.49856025951777816,0.33933301136605243
2018-01-07 12:00:00,0.7917874043969796,0.28103448275862064,0.7324360773450458,0.6373349917685724,0.49856025951777816
2018-01-07 13:00:00,0.8454716516921508,0.2771744724652599,0.7917874043969796,0.7324360773450458,0.6373349917685724
2018-01-07 14:00:00,0.8779576947142693,0.3009006690684508,0.8454716516921508,0.7917874043969796,0.7324360773450458
2018-01-07 15:00:00,0.9177244506812949,0.4097529593412249,0.8779576947142693,0.8454716516921508,0.7917874043969796
2018-01-07 16:00:00,0.938766227454697,0.45110653628409675,0.9177244506812949,0.8779576947142693,0.8454716516921508
2018-01-07 17:00:00,0.9439943989842843,0.48497169325784867,0.938766227454697,0.9177244506812949,0.8779576947142693
2018-01-07 18:00:00,0.8617499832941504,0.3165465774575399,0.9439943989842843,0.938766227454697,0.9177244506812949
2018-01-07 19:00:00,0.7521611294369217,0.3310602161605764,0.8617499832941504,0.9439943989842843,0.938766227454697
2018-01-07 20:00:00,0.6774267524436103,0.2522388059701492,0.7521611294369217,0.8617499832941504,0.9439943989842843
2018-01-07 21:00:00,0.5628906890707296,0.1916623777663407,0.6774267524436103,0.7521611294369217,0.8617499832941504
2018-01-07 22:00:00,0.4665807074775382,0.1831446217189912,0.5628906890707296,0.6774267524436103,0.7521611294369217
2018-01-07 23:00:00,0.3579190282662974,0.16412763767370048,0.4665807074775382,0.5628906890707296,0.6774267524436103
2018-01-08 00:00:00,0.2818990602200311,0.1420741121976325,0.3579190282662974,0.4665807074775382,0.5628906890707296
2018-01-08 01:00:00,0.19348259250484467,0.13250128667009778,0.2818990602200311,0.3579190282662974,0.4665807074775382
2018-01-08 02:00:00,0.13167322750937038,0.07292846114256302,0.19348259250484467,0.2818990602200311,0.3579190282662974
2018-01-08 03:00:00,0.12643974048222195,0.07388059701492536,0.13167322750937038,0.19348259250484467,0.2818990602200311
2018-01-08 04:00:00,0.14832516265422535,0.0749871332990221,0.12643974048222195,0.13167322750937038,0.19348259250484467
2018-01-08 05:00:00,0.21297300334724478,0.1172928461142563,0.14832516265422535,0.12643974048222195,0.13167322750937038
2018-01-08 06:00:00,0.33086390503787666,0.1239063304168811,0.21297300334724478,0.14832516265422535,0.12643974048222195
2018-01-08 07:00:00,0.4606167192141568,0.18795676788471433,0.33086390503787666,0.21297300334724478,0.14832516265422535
2018-01-08 08:00:00,0.553723733848481,0.21165723108594955,0.4606167192141568,0.33086390503787666,0.21297300334724478
2018-01-08 09:00:00,0.6103709913554823,0.2293103448275862,0.553723733848481,0.4606167192141568,0.33086390503787666
2018-01-08 10:00:00,0.6681117226464496,0.2466546577457539,0.6103709913554823,0.553723733848481,0.4606167192141568
2018-01-08 11:00:00,0.724605590080978,0.2921770458054555,0.6681117226464496,0.6103709913554823,0.553723733848481
2018-01-08 12:00:00,0.7769791875489784,0.2990993309315491,0.724605590080978,0.6681117226464496,0.6103709913554823
2018-01-08 13:00:00,0.8551671192433162,0.3621461657231086,0.7769791875489784,0.724605590080978,0.6681117226464496
2018-01-08 14:00:00,0.9000344747984668,0.3272516726711271,0.8551671192433162,0.7769791875489784,0.724605590080978
2018-01-08 15:00:00,0.9382529022616682,0.3157231085949563,0.9000344747984668,0.8551671192433162,0.7769791875489784
2018-01-08 16:00:00,0.924743185532127,0.3203036541430777,0.9382529022616682,0.9000344747984668,0.8551671192433162
2018-01-08 17:00:00,0.8411061094810253,0.28504889346371587,0.924743185532127,0.9382529022616682,0.9000344747984668
2018-01-08 18:00:00,0.7684174396918835,0.25573854863612966,0.8411061094810253,0.924743185532127,0.9382529022616682
2018-01-08 19:00:00,0.7011490587013176,0.2563561502830674,0.7684174396918835,0.8411061094810253,0.924743185532127
2018-01-08 20:00:00,0.654813107105757,0.25854348944930516,0.7011490587013176,0.7684174396918835,0.8411061094810253
2018-01-08 21:00:00,0.566076190823325,0.24078744209984557,0.654813107105757,0.7011490587013176,0.7684174396918835
2018-01-08 22:00:00,0.47191367024475595,0.20954709212557898,0.566076190823325,0.654813107105757,0.7011490587013176
2018-01-08 23:00:00,0.3784983567518969,0.2215903242408646,0.47191367024475595,0.566076190823325,0.654813107105757
2018-01-09 00:00:00,0.3016347433070292,0.2002573340195574,0.3784983567518969,0.47191367024475595,0.566076190823325
2018-01-09 01:00:00,0.22915717470673647,0.18345342254246008,0.3016347433070292,0.3784983567518969,0.47191367024475595
2018-01-09 02:00:00,0.17627480818647379,0.1630468347915594,0.22915717470673647,0.3016347433070292,0.3784983567518969
2018-01-09 03:00:00,0.15682844003815,0.11605764282038081,0.17627480818647379,0.22915717470673647,0.3016347433070292
2018-01-09 04:00:00,0.15497788753014652,0.07925887802367473,0.15682844003815,0.17627480818647379,0.22915717470673647
2018-01-09 05:00:00,0.21937514048100692,0.08556356150283065,0.15497788753014652,0.15682844003815,0.17627480818647379
2018-01-09 06:00:00,0.3390998888301652,0.09984559958826555,0.21937514048100692,0.15497788753014652,0.15682844003815
2018-01-09 07:00:00,0.4534240916574026,0.14356664951106532,0.3390998888301652,0.21937514048100692,0.15497788753014652
2018-01-09 08:00:00,0.5108124813957586,0.14827586206896548,0.4534240916574026,0.3390998888301652,0.21937514048100692
2018-01-09 09:00:00,0.5409437589983781,0.15609881626350997,0.5108124813957586,0.4534240916574026,0.3390998888301652
2018-01-09 10:00:00,0.5406939306130137,0.1584920226453937,0.5409437589983781,0.5108124813957586,0.4534240916574026
2018-01-09 11:00:00,0.5448901362589833,0.2206896551724138,0.5406939306130137,0.5409437589983781,0.5108124813957586
2018-01-09 12:00:00,0.5478045476359704,0.22501286670097784,0.5448901362589833,0.5406939306130137,0.5409437589983781
2018-01-09 13:00:00,0.594739631742329,0.2270972722593927,0.5478045476359704,0.5448901362589833,0.5406939306130137
2018-01-09 14:00:00,0.619162824321287,0.16731857951621204,0.594739631742329,0.5478045476359704,0.5448901362589833
2018-01-09 15:00:00,0.6701407240011422,0.17864127637673696,0.619162824321287,0.594739631742329,0.5478045476359704
2018-01-09 16:00:00,0.7100585919702576,0.23504889346371585,0.6701407240011422,0.619162824321287,0.594739631742329
2018-01-09 17:00:00,0.7425917151136302,0.3687853834276891,0.7100585919702576,0.6701407240011422,0.619162824321287
2018-01-09 18:00:00,0.6730012210457255,0.26556870818322176,0.7425917151136302,0.7100585919702576,0.6701407240011422
2018-01-09 19:00:00,0.5591478194310291,0.17949047864127632,0.6730012210457255,0.7425917151136302,0.7100585919702576
2018-01-09 20:00:00,0.47965759083425985,0.17583633556356149,0.5591478194310291,0.6730012210457255,0.7425917151136302
2018-01-09 21:00:00,0.39675709087374644,0.1509264024704066,0.47965759083425985,0.5591478194310291,0.6730012210457255
2018-01-09 22:00:00,0.3279046916100187,0.1363355635615028,0.39675709087374644,0.47965759083425985,0.5591478194310291
2018-01-09 23:00:00,0.275343533013796,0.14490478641276378,0.3279046916100187,0.39675709087374644,0.47965759083425985
2018-01-10 00:00:00,0.22021043295486986,0.11415337107565618,0.275343533013796,0.3279046916100187,0.39675709087374644
2018-01-10 01:00:00,0.15146889978312772,0.088677303139475,0.22021043295486986,0.275343533013796,0.3279046916100187
2018-01-10 02:00:00,0.09139010892213856,0.07040658775090064,0.15146889978312772,0.22021043295486986,0.275343533013796
2018-01-10 03:00:00,0.0745566875034171,0.08396809058157487,0.09139010892213856,0.15146889978312772,0.22021043295486986
2018-01-10 04:00:00,0.09074541500367522,0.08530622748327324,0.0745566875034171,0.09139010892213856,0.15146889978312772
2018-01-10 05:00:00,0.1500496619343551,0.09104477611940295,0.09074541500367522,0.0745566875034171,0.09139010892213856
2018-01-10 06:00:00,0.25263344936305154,0.11729284611425628,0.1500496619343551,0.09074541500367522,0.0745566875034171
2018-01-10 07:00:00,0.3448755566085303,0.21644364384971693,0.25263344936305154,0.1500496619343551,0.09074541500367522
2018-01-10 08:00:00,0.39155929361593556,0.17328872876994336,0.3448755566085303,0.25263344936305154,0.1500496619343551
2018-01-10 09:00:00,0.3933468195100023,0.22153885743695317,0.39155929361593556,0.3448755566085303,0.25263344936305154
2018-01-10 10:00:00,0.40014458153365773,0.2360524961399897,0.3933468195100023,0.39155929361593556,0.3448755566085303
2018-01-10 11:00:00,0.38932526592674943,0.2430777148739063,0.40014458153365773,0.3933468195100023,0.39155929361593556
2018-01-10 12:00:00,0.3866029718187507,0.229130211013896,0.38932526592674943,0.40014458153365773,0.3933468195100023
2018-01-10 13:00:00,0.39403024062498093,0.19387545033453418,0.3866029718187507,0.38932526592674943,0.40014458153365773
2018-01-10 14:00:00,0.408686586114098,0.1983530622748327,0.39403024062498093,0.3866029718187507,0.38932526592674943
2018-01-10 15:00:00,0.437599096061672,0.20509521358723623,0.408686586114098,0.39403024062498093,0.3866029718187507
2018-01-10 16:00:00,0.45358811272499755,0.17246525990735975,0.437599096061672,0.408686586114098,0.39403024062498093
2018-01-10 17:00:00,0.45040944518355175,0.1817807514153371,0.45358811272499755,0.437599096061672,0.408686586114098
2018-01-10 18:00:00,0.41546232679071515,0.160036026762738,0.45040944518355175,0.45358811272499755,0.437599096061672
2018-01-10 19:00:00,0.39095028946681,0.15110653628409673,0.41546232679071515,0.45040944518355175,0.45358811272499755
2018-01-10 20:00:00,0.3754335927296143,0.12812660833762218,0.39095028946681,0.41546232679071515,0.45040944518355175
2018-01-10 21:00:00,0.32655075844556636,0.10419454451878535,0.3754335927296143,0.39095028946681,0.41546232679071515
2018-01-10 22:00:00,0.285700400332902,0.1034225424601132,0.32655075844556636,0.3754335927296143,0.39095028946681
2018-01-10 23:00:00,0.246786402046011,0.09436438497169325,0.285700400332902,0.32655075844556636,0.3754335927296143
2018-01-11 00:00:00,0.19359042116965253,0.09971693257848685,0.246786402046011,0.285700400332902,0.32655075844556636
2018-01-11 01:00:00,0.12183955702162036,0.07758620689655168,0.19359042116965253,0.246786402046011,0.285700400332902
2018-01-11 02:00:00,0.060916361405235264,0.11598044261451362,0.12183955702162036,0.19359042116965253,0.246786402046011
2018-01-11 03:00:00,0.05147603773699527,0.10030880082346885,0.060916361405235264,0.12183955702162036,0.19359042116965253
2018-01-11 04:00:00,0.07971651692150677,0.10640761708697888,0.05147603773699527,0.060916361405235264,0.12183955702162036
2018-01-11 05:00:00,0.14836692727791856,0.09132784354091608,0.07971651692150677,0.05147603773699527,0.060916361405235264
2018-01-11 06:00:00,0.24707951376865733,0.10931549150797734,0.14836692727791856,0.07971651692150677,0.05147603773699527
2018-01-11 07:00:00,0.3394279309653552,0.10934122490993306,0.24707951376865733,0.14836692727791856,0.07971651692150677
2018-01-11 08:00:00,0.3995674703698978,0.1255790015440041,0.3394279309653552,0.24707951376865733,0.14836692727791856
2018-01-11 09:00:00,0.4171739170053398,0.14083890890375708,0.3995674703698978,0.3394279309653552,0.24707951376865733
2018-01-11 10:00:00,0.43190619817389875,0.15756562017498707,0.4171739170053398,0.3995674703698978,0.3394279309653552
2018-01-11 11:00:00,0.4417170879578163,0.18090581574884196,0.43190619817389875,0.4171739170053398,0.3995674703698978
2018-01-11 12:00:00,0.4431454380881219,0.258260422027792,0.4417170879578163,0.43190619817389875,0.4171739170053398
2018-01-11 13:00:00,0.4533367656260441,0.2416623777663407,0.4431454380881219,0.4417170879578163,0.43190619817389875
2018-01-11 14:00:00,0.4663369539465292,0.2855378281008749,0.4533367656260441,0.4431454380881219,0.4417170879578163
2018-01-11 15:00:00,0.479603676501856,0.26232629953679876,0.4663369539465292,0.4533367656260441,0.4431454380881219
2018-01-11 16:00:00,0.5182313972772502,0.3922542460113227,0.479603676501856,0.4663369539465292,0.4533367656260441
2018-01-11 17:00:00,0.528058992910645,0.28692743180648483,0.5182313972772502,0.479603676501856,0.4663369539465292
2018-01-11 18:00:00,0.5128316111121236,0.2702521873391662,0.528058992910645,0.5182313972772502,0.479603676501856
2018-01-11 19:00:00,0.47854513313043323,0.2802624806999485,0.5128316111121236,0.528058992910645,0.5182313972772502
2018-01-11 20:00:00,0.449971296313171,0.16911991765311368,0.47854513313043323,0.5128316111121236,0.528058992910645
2018-01-11 21:00:00,0.3859825773177089,0.15908389089037567,0.449971296313171,0.47854513313043323,0.5128316111121236
2018-01-11 22:00:00,0.3622974795429279,0.20476067936181158,0.3859825773177089,0.449971296313171,0.47854513313043323
2018-01-11 23:00:00,0.3172205415125172,0.19284611425630466,0.3622974795429279,0.3859825773177089,0.449971296313171
2018-01-12 00:00:00,0.2556860636766233,0.1607565620174987,0.3172205415125172,0.3622974795429279,0.3859825773177089
2018-01-12 01:00:00,0.18777982297874418,0.14364384971693256,0.2556860636766233,0.3172205415125172,0.3622974795429279
2018-01-12 02:00:00,0.13084021310589078,0.20725681935151824,0.18777982297874418,0.2556860636766233,0.3172205415125172
2018-01-12 03:00:00,0.10218132832765336,0.2214359238291302,0.13084021310589078,0.18777982297874418,0.2556860636766233
2018-01-12 04:00:00,0.12134293767806903,0.16999485331960884,0.10218132832765336,0.13084021310589078,0.18777982297874418
2018-01-12 05:00:00,0.19039732584911273,0.12545033453422538,0.12134293767806903,0.10218132832765336,0.13084021310589078
2018-01-12 06:00:00,0.3003590238924022,0.15180133813690166,0.19039732584911273,0.12134293767806903,0.10218132832765336
2018-01-12 07:00:00,0.40448126818659524,0.23507462686567163,0.3003590238924022,0.19039732584911273,0.12134293767806903
2018-01-12 08:00:00,0.4704701329785619,0.21289243437982497,0.40448126818659524,0.3003590238924022,0.19039732584911273
2018-01-12 09:00:00,0.5032925710606088,0.21863098301595466,0.4704701329785619,0.40448126818659524,0.3003590238924022
2018-01-12 10:00:00,0.5342257294381367,0.23818836850231598,0.5032925710606088,0.4704701329785619,0.40448126818659524
2018-01-12 11:00:00,0.5347056429322108,0.24395265054040138,0.5342257294381367,0.5032925710606088,0.4704701329785619
2018-01-12 12:00:00,0.5816316147570363,0.251775604734946,0.5347056429322108,0.5342257294381367,0.5032925710606088
2018-01-12 13:00:00,0.6396145808654238,0.29498198661863095,0.5816316147570363,0.5347056429322108,0.5342257294381367
2018-01-12 14:00:00,0.7132516872907974,0.41091096242923314,0.6396145808654238,0.5816316147570363,0.5347056429322108
2018-01-12 15:00:00,0.7739668191455111,0.3875707668553782,0.7132516872907974,0.6396145808654238,0.5816316147570363
2018-01-12 16:00:00,0.8164353665870863,0.43041688111168297,0.7739668191455111,0.7132516872907974,0.6396145808654238
2018-01-12 17:00:00,0.8034268253418624,0.3451106536284097,0.8164353665870863,0.7739668191455111,0.7132516872907974
2018-01-12 18:00:00,0.7479049346041929,0.279027277406073,0.8034268253418624,0.8164353665870863,0.7739668191455111
2018-01-12 19:00:00,0.676210262858948,0.2954451878538343,0.7479049346041929,0.8034268253418624,0.8164353665870863
2018-01-12 20:00:00,0.6394490410842399,0.28862583633556355,0.676210262858948,0.7479049346041929,0.8034268253418624
2018-01-12 21:00:00,0.5667687242198367,0.24637159032424083,0.6394490410842399,0.676210262858948,0.7479049346041929
2018-01-12 22:00:00,0.49554485368713275,0.21487390633041684,0.5667687242198367,0.6394490410842399,0.676210262858948
2018-01-12 23:00:00,0.42408937933213053,0.20733401955738545,0.49554485368713275,0.5667687242198367,0.6394490410842399
2018-01-13 00:00:00,0.33559393851032426,0.12354606278950075,0.42408937933213053,0.49554485368713275,0.5667687242198367
2018-01-13 01:00:00,0.2384714451471026,0.14220277920741123,0.33559393851032426,0.42408937933213053,0.49554485368713275
2018-01-13 02:00:00,0.16010202717889843,0.13875450334534226,0.2384714451471026,0.33559393851032426,0.42408937933213053
2018-01-13 03:00:00,0.12434695315679811,0.1199691199176531,0.16010202717889843,0.2384714451471026,0.33559393851032426
2018-01-13 04:00:00,0.12060028673312562,0.1037570766855378,0.12434695315679811,0.16010202717889843,0.2384714451471026
2018-01-13 05:00:00,0.1349339055846137,0.09541945445187852,0.12060028673312562,0.12434695315679811,0.16010202717889843
2018-01-13 06:00:00,0.18247419705612555,0.11899125064333504,0.1349339055846137,0.12060028673312562,0.12434695315679811
2018-01-13 07:00:00,0.2707205688493618,0.13093154915079772,0.18247419705612555,0.1349339055846137,0.12060028673312562
2018-01-13 08:00:00,0.35886139004817363,0.16212043232115284,0.2707205688493618,0.18247419705612555,0.1349339055846137
2018-01-13 09:00:00,0.4126565034353301,0.22200205867215642,0.35886139004817363,0.2707205688493618,0.18247419705612555
2018-01-13 10:00:00,0.4660521951486215,0.23983530622748328,0.4126565034353301,0.35886139004817363,0.2707205688493618
2018-01-13 11:00:00,0.5079056635867155,0.2601646937725167,0.4660521951486215,0.4126565034353301,0.35886139004817363
2018-01-13 12:00:00,0.5452493120227442,0.1963715903242408,0.5079056635867155,0.4660521951486215,0.4126565034353301
2018-01-13 13:00:00,0.5533448148080651,0.18193515182707148,0.5452493120227442,0.5079056635867155,0.4660521951486215
2018-01-13 14:00:00,0.5442568326924363,0.09523932063818835,0.5533448148080651,0.5452493120227442,0.5079056635867155
2018-01-13 15:00:00,0.5444694525948741,0.146551724137931,0.5442568326924363,0.5533448148080651,0.5452493120227442
2018-01-13 16:00:00,0.5325809626214213,0.10563561502830673,0.5444694525948741,0.5442568326924363,0.5533448148080651
2018-01-13 17:00:00,0.49744400502997943,0.11518270715388573,0.5325809626214213,0.5444694525948741,0.5442568326924363
2018-01-13 18:00:00,0.45617903810756144,0.12609366958311888,0.49744400502997943,0.5325809626214213,0.5444694525948741
2018-01-13 19:00:00,0.3934128835511168,0.10705095213587235,0.45617903810756144,0.49744400502997943,0.5325809626214213
2018-01-13 20:00:00,0.3768596647895367,0.1463201235203294,0.3934128835511168,0.45617903810756144,0.49744400502997943
2018-01-13 21:00:00,0.3296595651619252,0.1492794647452393,0.3768596647895367,0.3934128835511168,0.45617903810756144
2018-01-13 22:00:00,0.2669283410180241,0.12086978898610393,0.3296595651619252,0.3768596647895367,0.3934128835511168
2018-01-13 23:00:00,0.2173446204127255,0.13301595470921254,0.2669283410180241,0.3296595651619252,0.3768596647895367
2018-01-14 00:00:00,0.16291696281581647,0.08504889346371586,0.2173446204127255,0.2669283410180241,0.3296595651619252
2018-01-14 01:00:00,0.10446091742450475,0.06899125064333503,0.16291696281581647,0.2173446204127255,0.2669283410180241
2018-01-14 02:00:00,0.03547107458098692,0.0828615542974781,0.10446091742450475,0.16291696281581647,0.2173446204127255
2018-01-14 03:00:00,0.02061501825493739,0.09848172928461141,0.03547107458098692,0.10446091742450475,0.16291696281581647
2018-01-14 04:00:00,0.019012016061914883,0.09608852290272771,0.02061501825493739,0.03547107458098692,0.10446091742450475
2018-01-14 05:00:00,0.025141544106480007,0.07472979927946474,0.019012016061914883,0.02061501825493739,0.03547107458098692
2018-01-14 06:00:00,0.04223010940812694,0.06798764796706122,0.025141544106480007,0.019012016061914883,0.02061501825493739
2018-01-14 07:00:00,0.08481180101207075,0.07238805970149251,0.04223010940812694,0.025141544106480007,0.019012016061914883
2018-01-14 08:00:00,0.11874365937076659,0.05012866700977864,0.08481180101207075,0.04223010940812694,0.025141544106480007
2018-01-14 09:00:00,0.13150161287383133,0.07429233144621714,0.11874365937076659,0.08481180101207075,0.04223010940812694
2018-01-14 10:00:00,0.12511694094634085,0.0711013896037056,0.13150161287383133,0.11874365937076659,0.08481180101207075
2018-01-14 11:00:00,0.11756969376659199,0.06857951621204322,0.12511694094634085,0.13150161287383133,0.11874365937076659
2018-01-14 12:00:00,0.10421184839593467,0.035563561502830646,0.11756969376659199,0.12511694094634085,0.13150161287383133
2018-01-14 13:00:00,0.10656357638825609,0.043360782295419426,0.10421184839593467,0.11756969376659199,0.12511694094634085
2018-01-14 14:00:00,0.11448594582444893,0.07081832218219247,0.10656357638825609,0.10421184839593467,0.11756969376659199
2018-01-14 15:00:00,0.14025471864312056,0.07421513124034992,0.11448594582444893,0.10656357638825609,0.10421184839593467
2018-01-14 16:00:00,0.18099193259341606,0.07964487905301079,0.14025471864312056,0.11448594582444893,0.10656357638825609
2018-01-14 17:00:00,0.2150870526629124,0.07663407102418937,0.18099193259341606,0.14025471864312056,0.11448594582444893
2018-01-14 18:00:00,0.23654343824606805,0.07907874420998454,0.2150870526629124,0.18099193259341606,0.14025471864312056
2018-01-14 19:00:00,0.23387050232970663,0.07900154400411732,0.23654343824606805,0.2150870526629124,0.18099193259341606
2018-01-14 20:00:00,0.2490834563491341,0.09364384971693254,0.23387050232970663,0.23654343824606805,0.2150870526629124
2018-01-14 21:00:00,0.20523743568247943,0.07771487390633042,0.2490834563491341,0.23387050232970663,0.23654343824606805
2018-01-14 22:00:00,0.1849679247690037,0.09143077714873904,0.20523743568247943,0.2490834563491341,0.23387050232970663
2018-01-14 23:00:00,0.1449293190695753,0.07923314462171899,0.1849679247690037,0.20523743568247943,0.2490834563491341
2018-01-15 00:00:00,0.10807621512274246,0.08383942357179619,0.1449293190695753,0.1849679247690037,0.20523743568247943
2018-01-15 01:00:00,0.056710284120938204,0.07117858980957281,0.10807621512274246,0.1449293190695753,0.1849679247690037
2018-01-15 02:00:00,0.012858188599928266,0.10936695831188878,0.056710284120938204,0.10807621512274246,0.1449293190695753
2018-01-15 03:00:00,0.0014291094871000665,0.14101904271744722,0.012858188599928266,0.056710284120938204,0.10807621512274246
2018-01-15 04:00:00,0.03396223263047271,0.12241379310344827,0.0014291094871000665,0.012858188599928266,0.056710284120938204
2018-01-15 05:00:00,0.10809216161542534,0.08785383427689139,0.03396223263047271,0.0014291094871000665,0.012858188599928266
2018-01-15 06:00:00,0.2093516307946517,0.09215131240349972,0.10809216161542534,0.03396223263047271,0.0014291094871000665
2018-01-15 07:00:00,0.2761621196381817,0.09897066392177042,0.2093516307946517,0.10809216161542534,0.03396223263047271
2018-01-15 08:00:00,0.29809310321785043,0.10087493566649508,0.2761621196381817,0.2093516307946517,0.10809216161542534
2018-01-15 09:00:00,0.3014623693146957,0.10203293875450334,0.29809310321785043,0.2761621196381817,0.2093516307946517
2018-01-15 10:00:00,0.29845607576558353,0.09603705609881621,0.3014623693146957,0.29809310321785043,0.2761621196381817
2018-01-15 11:00:00,0.294202159003238,0.09912506433350485,0.29845607576558353,0.3014623693146957,0.29809310321785043
2018-01-15 12:00:00,0.29958827674606503,0.09963973237261961,0.294202159003238,0.29845607576558353,0.3014623693146957
2018-01-15 13:00:00,0.30379055724639004,0.10496654657745752,0.29958827674606503,0.294202159003238,0.29845607576558353
2018-01-15 14:00:00,0.3045210584826229,0.10787442099845596,0.30379055724639004,0.29958827674606503,0.294202159003238
2018-01-15 15:00:00,0.33454146999325696,0.11806484817292845,0.3045210584826229,0.30379055724639004,0.29958827674606503
2018-01-15 16:00:00,0.37117436046970764,0.15401441070509522,0.33454146999325696,0.3045210584826229,0.30379055724639004
2018-01-15 17:00:00,0.3894703030744838,0.16070509521358722,0.37117436046970764,0.33454146999325696,0.3045210584826229
2018-01-15 18:00:00,0.3899198422967809,0.1823983530622748,0.3894703030744838,0.37117436046970764,0.33454146999325696
2018-01-15 19:00:00,0.36150850783352473,0.1883427689140504,0.3899198422967809,0.3894703030744838,0.37117436046970764
2018-01-15 20:00:00,0.3565043465582911,0.18980957282552752,0.36150850783352473,0.3899198422967809,0.3894703030744838
2018-01-15 21:00:00,0.31104469270349244,0.10445187853834276,0.3565043465582911,0.36150850783352473,0.3899198422967809
2018-01-15 22:00:00,0.2700492974430938,0.1310344827586207,0.31104469270349244,0.3565043465582911,0.36150850783352473
2018-01-15 23:00:00,0.23821933869135492,0.12889861039629438,0.2700492974430938,0.31104469270349244,0.3565043465582911
2018-01-16 00:00:00,0.1901262354735045,0.09861039629439011,0.23821933869135492,0.2700492974430938,0.31104469270349244
2018-01-16 01:00:00,0.12813918098813581,0.08265568708183219,0.1901262354735045,0.23821933869135492,0.2700492974430938
2018-01-16 02:00:00,0.05986161481778468,0.0952135872362326,0.12813918098813581,0.1901262354735045,0.23821933869135492
2018-01-16 03:00:00,0.03716823701651756,0.08108594956253215,0.05986161481778468,0.12813918098813581,0.1901262354735045
2018-01-16 04:00:00,0.0652052085801243,0.11896551724137927,0.03716823701651756,0.05986161481778468,0.12813918098813581
2018-01-16 05:00:00,0.14596508173716527,0.10972722593926915,0.0652052085801243,0.03716823701651756,0.05986161481778468
2018-01-16 06:00:00,0.24198498903488785,0.10867215645908387,0.14596508173716527,0.0652052085801243,0.03716823701651756
2018-01-16 07:00:00,0.2966434910973009,0.11580030880082345,0.24198498903488785,0.14596508173716527,0.0652052085801243
2018-01-16 08:00:00,0.32730404038563177,0.11423057128152339,0.2966434910973009,0.24198498903488785,0.14596508173716527
2018-01-16 09:00:00,0.33107196879954803,0.10321667524446729,0.32730404038563177,0.2966434910973009,0.24198498903488785
2018-01-16 10:00:00,0.32874985572220916,0.1448018528049408,0.33107196879954803,0.32730404038563177,0.2966434910973009
2018-01-16 11:00:00,0.31587951741357,0.1293875450334534,0.32874985572220916,0.33107196879954803,0.32730404038563177
2018-01-16 12:00:00,0.2923827401238055,0.12022645393721046,0.31587951741357,0.32874985572220916,0.33107196879954803
2018-01-16 13:00:00,0.2905686367419341,0.13556356150283064,0.2923827401238055,0.31587951741357,0.32874985572220916
2018-01-16 14:00:00,0.28764055694264734,0.13520329387545035,0.2905686367419341,0.2923827401238055,0.31587951741357
2018-01-16 15:00:00,0.30299778875301464,0.14150797735460624,0.28764055694264734,0.2905686367419341,0.2923827401238055
2018-01-16 16:00:00,0.34842934640642,0.166829644879053,0.30299778875301464,0.28764055694264734,0.2905686367419341
2018-01-16 17:00:00,0.3693557009470698,0.1988677303139475,0.34842934640642,0.30299778875301464,0.28764055694264734
2018-01-16 18:00:00,0.3611599630648855,0.16093669583118883,0.3693557009470698,0.34842934640642,0.30299778875301464
2018-01-16 19:00:00,0.3295403461452012,0.14845599588265565,0.3611599630648855,0.3693557009470698,0.34842934640642
2018-01-16 20:00:00,0.3238504856846057,0.13942357179619141,0.3295403461452012,0.3611599630648855,0.3693557009470698
2018-01-16 21:00:00,0.2715095405587651,0.08991250643335047,0.3238504856846057,0.3295403461452012,0.3611599630648855
2018-01-16 22:00:00,0.2466922418035027,0.09300051466803907,0.2715095405587651,0.3238504856846057,0.3295403461452012
2018-01-16 23:00:00,0.21756255581272432,0.10349974266598042,0.2466922418035027,0.2715095405587651,0.3238504856846057
2018-01-17 00:00:00,0.17434756064223367,0.09529078744209982,0.21756255581272432,0.2466922418035027,0.2715095405587651
2018-01-17 01:00:00,0.11289737141052048,0.09441585177560471,0.17434756064223367,0.21756255581272432,0.2466922418035027
2018-01-17 02:00:00,0.04306464252519543,0.13937210499227998,0.11289737141052048,0.17434756064223367,0.21756255581272432
2018-01-17 03:00:00,0.01918135262707077,0.14992279979413276,0.04306464252519543,0.11289737141052048,0.17434756064223367
2018-01-17 04:00:00,0.037060408351709706,0.13908903757076685,0.01918135262707077,0.04306464252519543,0.11289737141052048
2018-01-17 05:00:00,0.10903680146768485,0.12815234173957796,0.037060408351709706,0.01918135262707077,0.04306464252519543
2018-01-17 06:00:00,0.2093030319598087,0.11706124549665461,0.10903680146768485,0.037060408351709706,0.01918135262707077
2018-01-17 07:00:00,0.27330921616154247,0.13896037056098814,0.2093030319598087,0.10903680146768485,0.037060408351709706
2018-01-17 08:00:00,0.2997636881655763,0.14436438497169324,0.27330921616154247,0.2093030319598087,0.10903680146768485
2018-01-17 09:00:00,0.3000218694756793,0.14467318579516208,0.2997636881655763,0.27330921616154247,0.2093030319598087
2018-01-17 10:00:00,0.29247386293913613,0.13921770458054553,0.3000218694756793,0.2997636881655763,0.27330921616154247
2018-01-17 11:00:00,0.2879792300729591,0.14179104477611937,0.29247386293913613,0.3000218694756793,0.2997636881655763
2018-01-17 12:00:00,0.29532296963180305,0.14549665465774572,0.2879792300729591,0.29247386293913613,0.3000218694756793
2018-01-17 13:00:00,0.30269860217601297,0.14740092640247038,0.29532296963180305,0.2879792300729591,0.29247386293913613
2018-01-17 14:00:00,0.32521884662815204,0.14637159032424082,0.30269860217601297,0.29532296963180305,0.2879792300729591
2018-01-17 15:00:00,0.3563372880635186,0.2098044261451364,0.32521884662815204,0.30269860217601297,0.29532296963180305
2018-01-17 16:00:00,0.3948609769580774,0.2412506433350489,0.3563372880635186,0.32521884662815204,0.30269860217601297
2018-01-17 17:00:00,0.42236943619276723,0.25393721049922796,0.3948609769580774,0.3563372880635186,0.32521884662815204
2018-01-17 18:00:00,0.41077709536913853,0.23378795676788466,0.42236943619276723,0.3948609769580774,0.3563372880635186
2018-01-17 19:00:00,0.3674102288397635,0.20854348944930515,0.41077709536913853,0.42236943619276723,0.3948609769580774
2018-01-17 20:00:00,0.3456371914733345,0.14966546577457537,0.3674102288397635,0.41077709536913853,0.42236943619276723
2018-01-17 21:00:00,0.29256878253843877,0.11338136901698403,0.3456371914733345,0.3674102288397635,0.41077709536913853
2018-01-17 22:00:00,0.24975396839860764,0.10985589294904785,0.29256878253843877,0.3456371914733345,0.3674102288397635
2018-01-17 23:00:00,0.2131947355312156,0.125887802367473,0.24975396839860764,0.29256878253843877,0.3456371914733345
2018-01-18 00:00:00,0.16709342518513126,0.11039629439011836,0.2131947355312156,0.24975396839860764,0.29256878253843877
2018-01-18 01:00:00,0.09854704670955522,0.10594441585177558,0.16709342518513126,0.2131947355312156,0.24975396839860764
2018-01-18 02:00:00,0.038264748227661294,0.13816263510036025,0.09854704670955522,0.16709342518513126,0.2131947355312156
2018-01-18 03:00:00,0.02439813380474204,0.13522902727740604,0.038264748227661294,0.09854704670955522,0.16709342518513126
2018-01-18 04:00:00,0.04546193192518205,0.1311116829644879,0.02439813380474204,0.038264748227661294,0.09854704670955522
2018-01-18 05:00:00,0.11444494055755006,0.15975295934122488,0.04546193192518205,0.02439813380474204,0.038264748227661294
2018-01-18 06:00:00,0.2153596617521094,0.09809572825527532,0.11444494055755006,0.04546193192518205,0.02439813380474204
2018-01-18 07:00:00,0.280855703984497,0.09662892434379822,0.2153596617521094,0.11444494055755006,0.04546193192518205
2018-01-18 08:00:00,0.31683478826095146,0.1342768914050437,0.280855703984497,0.2153596617521094,0.11444494055755006
2018-01-18 09:00:00,0.33432201587966937,0.13383942357179615,0.31683478826095146,0.280855703984497,0.2153596617521094
2018-01-18 10:00:00,0.34153438671307856,0.13190941842511578,0.33432201587966937,0.31683478826095146,0.280855703984497
2018-01-18 11:00:00,0.35948254390600987,0.14001544004117344,0.34153438671307856,0.33432201587966937,0.31683478826095146
2018-01-18 12:00:00,0.37666982559093143,0.13844570252187335,0.35948254390600987,0.34153438671307856,0.33432201587966937
2018-01-18 13:00:00,0.41762497494122586,0.2108080288214102,0.37666982559093143,0.35948254390600987,0.34153438671307856
2018-01-18 14:00:00,0.4701162727123618,0.2651827071538857,0.41762497494122586,0.37666982559093143,0.35948254390600987
2018-01-18 15:00:00,0.5333152606416262,0.23386515697375193,0.4701162727123618,0.41762497494122586,0.37666982559093143
2018-01-18 16:00:00,0.5830926172295019,0.5259650025733402,0.5333152606416262,0.4701162727123618,0.41762497494122586
2018-01-18 17:00:00,0.6086366204370249,0.735229027277406,0.5830926172295019,0.5333152606416262,0.4701162727123618
2018-01-18 18:00:00,0.5777049807730861,0.24027277406073078,0.6086366204370249,0.5830926172295019,0.5333152606416262
2018-01-18 19:00:00,0.5075593968884596,0.1875450334534225,0.5777049807730861,0.6086366204370249,0.5830926172295019
2018-01-18 20:00:00,0.47038204759040914,0.16194029850746267,0.5075593968884596,0.5777049807730861,0.6086366204370249
2018-01-18 21:00:00,0.38639338934349043,0.15617601646937723,0.47038204759040914,0.5075593968884596,0.5777049807730861
2018-01-18 22:00:00,0.3267853996950423,0.1155172413793103,0.38639338934349043,0.47038204759040914,0.5075593968884596
2018-01-18 23:00:00,0.26932942720198283,0.09598558929490475,0.3267853996950423,0.38639338934349043,0.47038204759040914
2018-01-19 00:00:00,0.21284163462181005,0.10941842511580024,0.26932942720198283,0.3267853996950423,0.38639338934349043
2018-01-19 01:00:00,0.1532921154465322,0.09706639217704577,0.21284163462181005,0.26932942720198283,0.3267853996950423
2018-01-19 02:00:00,0.08142506970895369,0.10815748841996908,0.1532921154465322,0.21284163462181005,0.26932942720198283
2018-01-19 03:00:00,0.06223916094111642,0.12246525990735974,0.08142506970895369,0.1532921154465322,0.21284163462181005
2018-01-19 04:00:00,0.08674132662669404,0.1406845084920226,0.06223916094111642,0.08142506970895369,0.1532921154465322
2018-01-19 05:00:00,0.15445848748276259,0.1292588780236747,0.08674132662669404,0.06223916094111642,0.08142506970895369
2018-01-19 06:00:00,0.25740372874560336,0.14037570766855376,0.15445848748276259,0.08674132662669404,0.06223916094111642
2018-01-19 07:00:00,0.33423317113472206,0.1092897581060216,0.25740372874560336,0.15445848748276259,0.08674132662669404
2018-01-19 08:00:00,0.37959107117906854,0.1442357179619145,0.33423317113472206,0.25740372874560336,0.15445848748276259
2018-01-19 09:00:00,0.4085499018911021,0.1678332475553268,0.37959107117906854,0.33423317113472206,0.25740372874560336
2018-01-19 10:00:00,0.45383490368318424,0.22148739063304165,0.4085499018911021,0.37959107117906854,0.33423317113472206
2018-01-19 11:00:00,0.5052782890780193,0.2271744724652599,0.45383490368318424,0.4085499018911021,0.37959107117906854
2018-01-19 12:00:00,0.5686883781961328,0.35684508492022643,0.5052782890780193,0.45383490368318424,0.4085499018911021
2018-01-19 13:00:00,0.6437280166208016,0.307282552753474,0.5686883781961328,0.5052782890780193,0.45383490368318424
2018-01-19 14:00:00,0.6986090102239798,0.3277148739063304,0.6437280166208016,0.5686883781961328,0.5052782890780193
2018-01-19 15:00:00,0.7288671004112677,0.2884714359238291,0.6986090102239798,0.6437280166208016,0.5686883781961328
2018-01-19 16:00:00,0.7575609156020484,0.40303654143077716,0.7288671004112677,0.6986090102239798,0.6437280166208016
2018-01-19 17:00:00,0.7257370317046649,0.2991765311374163,0.7575609156020484,0.7288671004112677,0.6986090102239798
2018-01-19 18:00:00,0.662423380899443,0.21755018013381366,0.7257370317046649,0.7575609156020484,0.7288671004112677
2018-01-19 19:00:00,0.5608913026310194,0.185923829130211,0.662423380899443,0.7257370317046649,0.7575609156020484
2018-01-19 20:00:00,0.5001488339317065,0.1341739577972208,0.5608913026310194,0.662423380899443,0.7257370317046649
2018-01-19 21:00:00,0.41109678457958976,0.07472979927946471,0.5001488339317065,0.5608913026310194,0.662423380899443
2018-01-19 22:00:00,0.35222081488096324,0.09897066392177045,0.41109678457958976,0.5001488339317065,0.5608913026310194
2018-01-19 23:00:00,0.2917965166785127,0.07591353576942869,0.35222081488096324,0.41109678457958976,0.5001488339317065
2018-01-20 00:00:00,0.22079437832977955,0.09516212043232111,0.2917965166785127,0.35222081488096324,0.41109678457958976
2018-01-20 01:00:00,0.14206046910025327,0.13579516212043227,0.22079437832977955,0.2917965166785127,0.35222081488096324
2018-01-20 02:00:00,0.07338499996962572,0.17864127637673696,0.14206046910025327,0.22079437832977955,0.2917965166785127
2018-01-20 03:00:00,0.04208355354680371,0.2397323726196603,0.07338499996962572,0.14206046910025327,0.22079437832977955
2018-01-20 04:00:00,0.045095162593476845,0.15795162120432318,0.04208355354680371,0.07338499996962572,0.14206046910025327
2018-01-20 05:00:00,0.07008255727068946,0.10429747812660833,0.045095162593476845,0.04208355354680371,0.07338499996962572
2018-01-20 06:00:00,0.11800480520979506,0.10023160061760164,0.07008255727068946,0.045095162593476845,0.04208355354680371
2018-01-20 07:00:00,0.18500133646795824,0.10056613484302623,0.11800480520979506,0.07008255727068946,0.045095162593476845
2018-01-20 08:00:00,0.26150425543547595,0.12241379310344827,0.18500133646795824,0.11800480520979506,0.07008255727068946
2018-01-20 09:00:00,0.2995373998408388,0.11245496654657741,0.26150425543547595,0.18500133646795824,0.11800480520979506
2018-01-20 10:00:00,0.3350806133172958,0.1148996397323726,0.2995373998408388,0.26150425543547595,0.18500133646795824
2018-01-20 11:00:00,0.38479494329123465,0.13878023674729795,0.3350806133172958,0.2995373998408388,0.26150425543547595
2018-01-20 12:00:00,0.4368192366338016,0.1500257334019557,0.38479494329123465,0.3350806133172958,0.2995373998408388
2018-01-20 13:00:00,0.5012225644390176,0.22202779207411216,0.4368192366338016,0.38479494329123465,0.3350806133172958
2018-01-20 14:00:00,0.5580999070547283,0.2432835820895522,0.5012225644390176,0.4368192366338016,0.38479494329123465
2018-01-20 15:00:00,0.6033811120628383,0.2845599588265568,0.5580999070547283,0.5012225644390176,0.4368192366338016
2018-01-20 16:00:00,0.6124858000279444,0.24256304683479152,0.6033811120628383,0.5580999070547283,0.5012225644390176
2018-01-20 17:00:00,0.6096655488934654,0.23587236232629946,0.6124858000279444,0.6033811120628383,0.5580999070547283
2018-01-20 18:00:00,0.5809254129382249,0.23906330416881108,0.6096655488934654,0.6124858000279444,0.6033811120628383
2018-01-20 19:00:00,0.511792811017356,0.22614513638703032,0.5809254129382249,0.6096655488934654,0.6124858000279444
2018-01-20 20:00:00,0.4760392557088444,0.2221049922799794,0.511792811017356,0.5809254129382249,0.6096655488934654
2018-01-20 21:00:00,0.4051548176632467,0.15604734945959853,0.4760392557088444,0.511792811017356,0.5809254129382249
2018-01-20 22:00:00,0.3452924434886674,0.1440041173443129,0.4051548176632467,0.4760392557088444,0.511792811017356
2018-01-20 23:00:00,0.26318774944870693,0.11170869788986101,0.3452924434886674,0.4051548176632467,0.4760392557088444
2018-01-21 00:00:00,0.19952631323164016,0.08587236232629952,0.26318774944870693,0.3452924434886674,0.4051548176632467
2018-01-21 01:00:00,0.1388673737797137,0.10656201749871333,0.19952631323164016,0.26318774944870693,0.3452924434886674
2018-01-21 02:00:00,0.08048422664066623,0.1272516726711271,0.1388673737797137,0.19952631323164016,0.26318774944870693
2018-01-21 03:00:00,0.05341771306032933,0.11505404014410703,0.08048422664066623,0.1388673737797137,0.19952631323164016
2018-01-21 04:00:00,0.04824345586314571,0.08396809058157484,0.05341771306032933,0.08048422664066623,0.1388673737797137
2018-01-21 05:00:00,0.059634567136252925,0.0964745239320638,0.04824345586314571,0.05341771306032933,0.08048422664066623
2018-01-21 06:00:00,0.086699562003001,0.09233144621718989,0.059634567136252925,0.04824345586314571,0.05341771306032933
2018-01-21 07:00:00,0.15085913627720782,0.10553268142048375,0.086699562003001,0.059634567136252925,0.04824345586314571
2018-01-21 08:00:00,0.22191063281757828,0.1287956767884714,0.15085913627720782,0.086699562003001,0.059634567136252925
2018-01-21 09:00:00,0.28629269863255036,0.1485589294904786,0.22191063281757828,0.15085913627720782,0.086699562003001
2018-01-21 10:00:00,0.33745512201344985,0.20257334019557383,0.28629269863255036,0.22191063281757828,0.15085913627720782
2018-01-21 11:00:00,0.39370067977620227,0.18270715388574368,0.33745512201344985,0.28629269863255036,0.22191063281757828
2018-01-21 12:00:00,0.4582832157849015,0.22992794647452391,0.39370067977620227,0.33745512201344985,0.28629269863255036
2018-01-21 13:00:00,0.5088298008055258,0.270174987133299,0.4582832157849015,0.39370067977620227,0.33745512201344985
2018-01-21 14:00:00,0.572418338770328,0.3694544518785383,0.5088298008055258,0.4582832157849015,0.39370067977620227
2018-01-21 15:00:00,0.6257441696585324,0.42388059701492536,0.572418338770328,0.5088298008055258,0.4582832157849015
2018-01-21 16:00:00,0.6699235479579378,0.4039886773031395,0.6257441696585324,0.572418338770328,0.5088298008055258
2018-01-21 17:00:00,0.6933018655877725,0.4672156459083891,0.6699235479579378,0.6257441696585324,0.572418338770328
2018-01-21 18:00:00,0.6724453718722095,0.527071538857437,0.6933018655877725,0.6699235479579378,0.6257441696585324
2018-01-21 19:00:00,0.5997073438914302,0.36726711271230056,0.6724453718722095,0.6933018655877725,0.6699235479579378
2018-01-21 20:00:00,0.5479032640192452,0.2319351518270715,0.5997073438914302,0.6724453718722095,0.6933018655877725
2018-01-21 21:00:00,0.4503547714943533,0.1536798764796706,0.5479032640192452,0.5997073438914302,0.6724453718722095
2018-01-21 22:00:00,0.3630325369199273,0.14300051466803912,0.4503547714943533,0.5479032640192452,0.5997073438914302
2018-01-21 23:00:00,0.2800773632702156,0.10936695831188883,0.3630325369199273,0.4503547714943533,0.5479032640192452
2018-01-22 00:00:00,0.2041933200901508,0.08335048893463712,0.2800773632702156,0.3630325369199273,0.4503547714943533
2018-01-22 01:00:00,0.14089181899363956,0.0793103448275862,0.2041933200901508,0.2800773632702156,0.3630325369199273
2018-01-22 02:00:00,0.09428401766567646,0.1397066392177046,0.14089181899363956,0.2041933200901508,0.2800773632702156
2018-01-22 03:00:00,0.07800644542047103,0.14912506433350484,0.09428401766567646,0.14089181899363956,0.2041933200901508
2018-01-22 04:00:00,0.10378205245029254,0.09318064848172927,0.07800644542047103,0.09428401766567646,0.14089181899363956
2018-01-22 05:00:00,0.17934109092234518,0.09925373134328355,0.10378205245029254,0.07800644542047103,0.09428401766567646
2018-01-22 06:00:00,0.3103293786031479,0.13932063818836848,0.17934109092234518,0.10378205245029254,0.07800644542047103
2018-01-22 07:00:00,0.41670539386318206,0.19176531137416364,0.3103293786031479,0.17934109092234518,0.10378205245029254
2018-01-22 08:00:00,0.4898952391366417,0.20988162635100358,0.41670539386318206,0.3103293786031479,0.17934109092234518
2018-01-22 09:00:00,0.5566723162812173,0.2908131755018013,0.4898952391366417,0.41670539386318206,0.3103293786031479
2018-01-22 10:00:00,0.6364814747316433,0.35429747812660833,0.5566723162812173,0.4898952391366417,0.41670539386318206
2018-01-22 11:00:00,0.7106622806218222,0.41322696860524954,0.6364814747316433,0.5566723162812173,0.4898952391366417
2018-01-22 12:00:00,0.7970861961084483,0.33955223880597013,0.7106622806218222,0.6364814747316433,0.5566723162812173
2018-01-22 13:00:00,0.872645234580501,0.33507462686567163,0.7970861961084483,0.7106622806218222,0.6364814747316433
2018-01-22 14:00:00,0.9279932326122482,0.3831446217189913,0.872645234580501,0.7970861961084483,0.7106622806218222
2018-01-22 15:00:00,0.9804693432474957,0.4772774060730829,0.9279932326122482,0.872645234580501,0.7970861961084483
2018-01-22 16:00:00,0.9930534040446382,0.5229027277406073,0.9804693432474957,0.9279932326122482,0.872645234580501
2018-01-22 17:00:00,0.926138123963478,0.33229541945445185,0.9930534040446382,0.9804693432474957,0.9279932326122482
2018-01-22 18:00:00,0.8341283798970919,0.2607565620174987,0.926138123963478,0.9930534040446382,0.9804693432474957
2018-01-22 19:00:00,0.7377515749059917,0.26294390118373645,0.8341283798970919,0.926138123963478,0.9930534040446382
2018-01-22 20:00:00,0.6704072582359838,0.2616057642820381,0.7377515749059917,0.8341283798970919,0.926138123963478
2018-01-22 21:00:00,0.5574430634275543,0.20934122490993307,0.6704072582359838,0.7377515749059917,0.8341283798970919
2018-01-22 22:00:00,0.4581214727876899,0.20913535769428715,0.5574430634275543,0.6704072582359838,0.7377515749059917
2018-01-22 23:00:00,0.3636483752802028,0.13461142563046832,0.4581214727876899,0.5574430634275543,0.6704072582359838
2018-01-23 00:00:00,0.2937305984339026,0.08386515697375191,0.3636483752802028,0.4581214727876899,0.5574430634275543
2018-01-23 01:00:00,0.2208801856475492,0.09323211528564074,0.2937305984339026,0.3636483752802028,0.4581214727876899
2018-01-23 02:00:00,0.15874353787367956,0.1111682964487905,0.2208801856475492,0.2937305984339026,0.3636483752802028
2018-01-23 03:00:00,0.14546162818246433,0.13329902213072567,0.15874353787367956,0.2208801856475492,0.2937305984339026
2018-01-23 04:00:00,0.1684314118569008,0.1318064848172928,0.14546162818246433,0.15874353787367956,0.2208801856475492
2018-01-23 05:00:00,0.24947908123902718,0.10548121461657228,0.1684314118569008,0.14546162818246433,0.15874353787367956
2018-01-23 06:00:00,0.37156618857562895,0.1345084920226454,0.24947908123902718,0.1684314118569008,0.14546162818246433
2018-01-23 07:00:00,0.4818559287541082,0.18381369016984042,0.37156618857562895,0.24947908123902718,0.1684314118569008
2018-01-23 08:00:00,0.5495313249864835,0.2308286155429748,0.4818559287541082,0.37156618857562895,0.24947908123902718
2018-01-23 09:00:00,0.5861520657542236,0.31127123005661345,0.5495313249864835,0.4818559287541082,0.37156618857562895
2018-01-23 10:00:00,0.5967944512280319,0.305712815234174,0.5861520657542236,0.5495313249864835,0.4818559287541082
2018-01-23 11:00:00,0.6126596927338667,0.29356664951106537,0.5967944512280319,0.5861520657542236,0.5495313249864835
2018-01-23 12:00:00,0.6318926816229582,0.30092640247040664,0.6126596927338667,0.5967944512280319,0.5861520657542236
2018-01-23 13:00:00,0.644380304107209,0.2761708697889861,0.6318926816229582,0.6126596927338667,0.5967944512280319
2018-01-23 14:00:00,0.6627886315175594,0.27699433865156975,0.644380304107209,0.6318926816229582,0.6126596927338667
2018-01-23 15:00:00,0.689363841251906,0.29788986103962944,0.6627886315175594,0.644380304107209,0.6318926816229582
2018-01-23 16:00:00,0.7174433367960003,0.3376222336592897,0.689363841251906,0.6627886315175594,0.644380304107209
2018-01-23 17:00:00,0.7086044237089416,0.31507977354606276,0.7174433367960003,0.689363841251906,0.6627886315175594
2018-01-23 18:00:00,0.6883941426254305,0.2923057128152342,0.7086044237089416,0.7174433367960003,0.689363841251906
2018-01-23 19:00:00,0.6502979716061308,0.3333247555326814,0.6883941426254305,0.7086044237089416,0.7174433367960003
2018-01-23 20:00:00,0.6215623917916568,0.291044776119403,0.6502979716061308,0.6883941426254305,0.7086044237089416
2018-01-23 21:00:00,0.5155675736424219,0.1822696860524961,0.6215623917916568,0.6502979716061308,0.6883941426254305
2018-01-23 22:00:00,0.4288763645641597,0.188085434894493,0.5155675736424219,0.6215623917916568,0.6502979716061308
2018-01-23 23:00:00,0.3596769392453816,0.1726968605249614,0.4288763645641597,0.5155675736424219,0.6215623917916568
2018-01-24 00:00:00,0.28983282000814037,0.10782295419454449,0.3596769392453816,0.4288763645641597,0.5155675736424219
2018-01-24 01:00:00,0.2154447097130846,0.17815234173957795,0.28983282000814037,0.3596769392453816,0.4288763645641597
2018-01-24 02:00:00,0.14061389440688166,0.20535254760679358,0.2154447097130846,0.28983282000814037,0.3596769392453816
2018-01-24 03:00:00,0.12065116363835171,0.17869274318064848,0.14061389440688166,0.2154447097130846,0.28983282000814037
2018-01-24 04:00:00,0.14493919070790273,0.16891405043746782,0.12065116363835171,0.14061389440688166,0.2154447097130846
2018-01-24 05:00:00,0.22637033527121186,0.11379310344827581,0.14493919070790273,0.12065116363835171,0.14061389440688166
2018-01-24 06:00:00,0.33330219970476216,0.1115028306742151,0.22637033527121186,0.14493919070790273,0.12065116363835171
2018-01-24 07:00:00,0.43988627872646757,0.21240349974266595,0.33330219970476216,0.22637033527121186,0.14493919070790273
2018-01-24 08:00:00,0.5168379775594881,0.24472465259907356,0.43988627872646757,0.33330219970476216,0.22637033527121186
2018-01-24 09:00:00,0.5840030860260125,0.29590838908903755,0.5168379775594881,0.43988627872646757,0.33330219970476216
2018-01-24 10:00:00,0.6299244288118192,0.3072053525476068,0.5840030860260125,0.5168379775594881,0.43988627872646757
2018-01-24 11:00:00,0.6866476219982627,0.3491507977354606,0.6299244288118192,0.5840030860260125,0.5168379775594881
2018-01-24 12:00:00,0.7503136143560959,0.3577200205867216,0.6866476219982627,0.6299244288118192,0.5840030860260125
2018-01-24 13:00:00,0.7874066750499658,0.419583118888317,0.7503136143560959,0.6866476219982627,0.6299244288118192
2018-01-24 14:00:00,0.8309565465667961,0.4341224909933093,0.7874066750499658,0.7503136143560959,0.6866476219982627
2018-01-24 15:00:00,0.8599753664655889,0.44405558414822444,0.8309565465667961,0.7874066750499658,0.7503136143560959
2018-01-24 16:00:00,0.8478598288106044,0.4131497683993824,0.8599753664655889,0.8309565465667961,0.7874066750499658
2018-01-24 17:00:00,0.7905724335259063,0.3218733916623778,0.8478598288106044,0.8599753664655889,0.8309565465667961
2018-01-24 18:00:00,0.7231331972565957,0.24027277406073083,0.7905724335259063,0.8478598288106044,0.8599753664655889
2018-01-24 19:00:00,0.6634811649140713,0.260036026762738,0.7231331972565957,0.7905724335259063,0.8478598288106044
2018-01-24 20:00:00,0.6210581788801613,0.27583633556356146,0.6634811649140713,0.7231331972565957,0.7905724335259063
2018-01-24 21:00:00,0.5373102367370742,0.22431806484817288,0.6210581788801613,0.6634811649140713,0.7231331972565957
2018-01-24 22:00:00,0.4609895634002176,0.2199176531137416,0.5373102367370742,0.6210581788801613,0.6634811649140713
2018-01-24 23:00:00,0.3795455097714032,0.20018013381369018,0.4609895634002176,0.5373102367370742,0.6210581788801613
2018-01-25 00:00:00,0.30588790071258054,0.19042717447246524,0.3795455097714032,0.4609895634002176,0.5373102367370742
2018-01-25 01:00:00,0.22586384428933315,0.1620946989191971,0.30588790071258054,0.3795455097714032,0.4609895634002176
2018-01-25 02:00:00,0.1677259693948837,0.21039629439011834,0.22586384428933315,0.30588790071258054,0.3795455097714032
2018-01-25 03:00:00,0.1425851846451982,0.22588780236747297,0.1677259693948837,0.22586384428933315,0.30588790071258054
2018-01-25 04:00:00,0.16614498854889947,0.24104477611940298,0.1425851846451982,0.1677259693948837,0.22586384428933315
2018-01-25 05:00:00,0.2414139527254835,0.2426659804426145,0.16614498854889947,0.1425851846451982,0.1677259693948837
2018-01-25 06:00:00,0.3491590882858583,0.14827586206896548,0.2414139527254835,0.16614498854889947,0.1425851846451982
2018-01-25 07:00:00,0.4636214940496801,0.25648481729284606,0.3491590882858583,0.2414139527254835,0.16614498854889947
2018-01-25 08:00:00,0.5338627568904036,0.23648996397323724,0.4636214940496801,0.3491590882858583,0.2414139527254835
2018-01-25 09:00:00,0.5612595906763135,0.23453422542460112,0.5338627568904036,0.4636214940496801,0.3491590882858583
2018-01-25 10:00:00,0.5824145116120842,0.2634071024189398,0.5612595906763135,0.5338627568904036,0.4636214940496801
2018-01-25 11:00:00,0.61377670657846,0.2848687596500257,0.5824145116120842,0.5612595906763135,0.5338627568904036
2018-01-25 12:00:00,0.6709046369363296,0.30334534225424603,0.61377670657846,0.5824145116120842,0.5612595906763135
2018-01-25 13:00:00,0.6720231694945115,0.3021873391662378,0.6709046369363296,0.61377670657846,0.5824145116120842
2018-01-25 14:00:00,0.67511299229101,0.33641276376737006,0.6720231694945115,0.6709046369363296,0.61377670657846
2018-01-25 15:00:00,0.7061805568211502,0.3279979413278435,0.67511299229101,0.6720231694945115,0.6709046369363296
2018-01-25 16:00:00,0.697019676453257,0.1861811631497684,0.7061805568211502,0.67511299229101,0.6720231694945115
2018-01-25 17:00:00,0.663487999125221,0.21996911991765308,0.697019676453257,0.7061805568211502,0.67511299229101
2018-01-25 18:00:00,0.6189775412634484,0.23553782810087492,0.663487999125221,0.697019676453257,0.7061805568211502
2018-01-25 19:00:00,0.57138637288671,0.2234688625836335,0.6189775412634484,0.663487999125221,0.697019676453257
2018-01-25 20:00:00,0.5379397435196491,0.22524446731857947,0.57138637288671,0.6189775412634484,0.663487999125221
2018-01-25 21:00:00,0.46608940363154794,0.16551724137931031,0.5379397435196491,0.57138637288671,0.6189775412634484
2018-01-25 22:00:00,0.4165056830262496,0.20360267627380335,0.46608940363154794,0.5379397435196491,0.57138637288671
2018-01-25 23:00:00,0.3464390722482429,0.22056098816263506,0.4165056830262496,0.46608940363154794,0.5379397435196491
2018-01-26 00:00:00,0.2692907000054674,0.15144107050952135,0.3464390722482429,0.4165056830262496,0.46608940363154794
2018-01-26 01:00:00,0.19418575689647843,0.12354606278950075,0.2692907000054674,0.3464390722482429,0.4165056830262496
2018-01-26 02:00:00,0.1212259967317284,0.09909933093154913,0.19418575689647843,0.2692907000054674,0.3464390722482429
2018-01-26 03:00:00,0.09200063178485296,0.07967061245496654,0.1212259967317284,0.19418575689647843,0.2692907000054674
2018-01-26 04:00:00,0.09314953861481168,0.08401955738548633,0.09200063178485296,0.1212259967317284,0.19418575689647843
2018-01-26 05:00:00,0.12058889638120929,0.08878023674729799,0.09314953861481168,0.09200063178485296,0.1212259967317284
2018-01-26 06:00:00,0.16544106480047138,0.08582089552238806,0.12058889638120929,0.09314953861481168,0.09200063178485296
2018-01-26 07:00:00,0.2378146015199285,0.11366443643849716,0.16544106480047138,0.12058889638120929,0.09314953861481168
2018-01-26 08:00:00,0.3133485812177653,0.10699948533196085,0.2378146015199285,0.16544106480047138,0.12058889638120929
2018-01-26 09:00:00,0.38269000625710003,0.14487905301080797,0.3133485812177653,0.2378146015199285,0.16544106480047138
2018-01-26 10:00:00,0.4202257719621172,0.18479155944415845,0.38269000625710003,0.3133485812177653,0.2378146015199285
2018-01-26 11:00:00,0.44273234799195693,0.1579001544004117,0.4202257719621172,0.38269000625710003,0.3133485812177653
2018-01-26 12:00:00,0.48034556809000506,0.20046320123520325,0.44273234799195693,0.4202257719621172,0.38269000625710003
2018-01-26 13:00:00,0.5119203829588186,0.266829644879053,0.48034556809000506,0.44273234799195693,0.4202257719621172
2018-01-26 14:00:00,0.561222382193387,0.3223623262995368,0.5119203829588186,0.48034556809000506,0.44273234799195693
2018-01-26 15:00:00,0.6012617472496098,0.29902213072568196,0.561222382193387,0.5119203829588186,0.48034556809000506
2018-01-26 16:00:00,0.6124888374551221,0.28962943901183735,0.6012617472496098,0.561222382193387,0.5119203829588186
2018-01-26 17:00:00,0.5761862671842444,0.24925373134328355,0.6124888374551221,0.6012617472496098,0.561222382193387
2018-01-26 18:00:00,0.5363268696882992,0.28255275347400927,0.5761862671842444,0.6124888374551221,0.6012617472496098
2018-01-26 19:00:00,0.5077560702982146,0.25043746783324755,0.5363268696882992,0.5761862671842444,0.6124888374551221
2018-01-26 20:00:00,0.4934551037888867,0.22833247555326813,0.5077560702982146,0.5363268696882992,0.5761862671842444
2018-01-26 21:00:00,0.45307706560235217,0.21433350488934635,0.4934551037888867,0.5077560702982146,0.5363268696882992
2018-01-26 22:00:00,0.40295344231622054,0.24207411219763247,0.45307706560235217,0.4934551037888867,0.5077560702982146
2018-01-26 23:00:00,0.3434259444879809,0.21762738033968088,0.40295344231622054,0.45307706560235217,0.4934551037888867
2018-01-27 00:00:00,0.2736706699956869,0.16845084920226452,0.3434259444879809,0.40295344231622054,0.45307706560235217
2018-01-27 01:00:00,0.1960522558971648,0.11875965002573335,0.2736706699956869,0.3434259444879809,0.40295344231622054
2018-01-27 02:00:00,0.12592109979163257,0.09150797735460628,0.1960522558971648,0.2736706699956869,0.3434259444879809
2018-01-27 03:00:00,0.10423690717015055,0.11152856407617084,0.12592109979163257,0.1960522558971648,0.2736706699956869
2018-01-27 04:00:00,0.10037405915693165,0.10584148224395262,0.10423690717015055,0.12592109979163257,0.1960522558971648
2018-01-27 05:00:00,0.1227720471651692,0.09843026248069991,0.10037405915693165,0.10423690717015055,0.12592109979163257
2018-01-27 06:00:00,0.1729313602206387,0.10769428718476581,0.1227720471651692,0.10037405915693165,0.10423690717015055
2018-01-27 07:00:00,0.2578494711839284,0.10764282038085432,0.1729313602206387,0.1227720471651692,0.10037405915693165
2018-01-27 08:00:00,0.3630363337038994,0.11309830159547091,0.2578494711839284,0.1729313602206387,0.1227720471651692
2018-01-27 09:00:00,0.4282476171383792,0.2565105506948019,0.3630363337038994,0.2578494711839284,0.1729313602206387
2018-01-27 10:00:00,0.48674163036941187,0.3313690169840453,0.4282476171383792,0.3630363337038994,0.2578494711839284
2018-01-27 11:00:00,0.5340404463802981,0.3339166237776634,0.48674163036941187,0.4282476171383792,0.3630363337038994
2018-01-27 12:00:00,0.5748247404518477,0.39750386001029336,0.5340404463802981,0.48674163036941187,0.4282476171383792
2018-01-27 13:00:00,0.6004401231980464,0.4635615028306742,0.5748247404518477,0.5340404463802981,0.48674163036941187
2018-01-27 14:00:00,0.6317013237107642,0.42449819866186317,0.6004401231980464,0.5748247404518477,0.5340404463802981
2018-01-27 15:00:00,0.6657486043022118,0.3512352032938755,0.6317013237107642,0.6004401231980464,0.5748247404518477
2018-01-27 16:00:00,0.676857994204589,0.4717961914565105,0.6657486043022118,0.6317013237107642,0.6004401231980464
2018-01-27 17:00:00,0.6572802573308305,0.4169840452907874,0.676857994204589,0.6657486043022118,0.6317013237107642
2018-01-27 18:00:00,0.592350695267081,0.29199691199176525,0.6572802573308305,0.676857994204589,0.6657486043022118
2018-01-27 19:00:00,0.5604091110665622,0.27187339166237773,0.592350695267081,0.6572802573308305,0.676857994204589
2018-01-27 20:00:00,0.5333395600590477,0.22915594441585171,0.5604091110665622,0.592350695267081,0.6572802573308305
2018-01-27 21:00:00,0.4749791936238329,0.11168296448790527,0.5333395600590477,0.5604091110665622,0.592350695267081
2018-01-27 22:00:00,0.41780418314470924,0.13242408646423057,0.4749791936238329,0.5333395600590477,0.5604091110665622
2018-01-27 23:00:00,0.34031485970123865,0.14022130725681933,0.41780418314470924,0.4749791936238329,0.5333395600590477
2018-01-28 00:00:00,0.27159079173576817,0.09873906330416882,0.34031485970123865,0.41780418314470924,0.4749791936238329
2018-01-28 01:00:00,0.20469677364485195,0.10483787956767884,0.27159079173576817,0.34031485970123865,0.41780418314470924
2018-01-28 02:00:00,0.1430825633455438,0.11096242923314462,0.20469677364485195,0.27159079173576817,0.34031485970123865
2018-01-28 03:00:00,0.11264602431156712,0.09498198661863094,0.1430825633455438,0.20469677364485195,0.27159079173576817
2018-01-28 04:00:00,0.11230507311087223,0.10566134843026245,0.11264602431156712,0.1430825633455438,0.20469677364485195
2018-01-28 05:00:00,0.12254120269966529,0.08805970149253728,0.11230507311087223,0.11264602431156712,0.1430825633455438
2018-01-28 06:00:00,0.14409174852532913,0.08648996397323724,0.12254120269966529,0.11230507311087223,0.11264602431156712
2018-01-28 07:00:00,0.22152412020921797,0.09282038085434893,0.14409174852532913,0.12254120269966529,0.11230507311087223
2018-01-28 08:00:00,0.30308511478437306,0.07596500257334016,0.22152412020921797,0.14409174852532913,0.12254120269966529
2018-01-28 09:00:00,0.36654000595335723,0.1597014925373134,0.30308511478437306,0.22152412020921797,0.14409174852532913
2018-01-28 10:00:00,0.41199434431059523,0.1484302624806999,0.36654000595335723,0.30308511478437306,0.22152412020921797
2018-01-28 11:00:00,0.4486614058427949,0.18103448275862066,0.41199434431059523,0.36654000595335723,0.30308511478437306
2018-01-28 12:00:00,0.4803151938182283,0.29678332475553265,0.4486614058427949,0.41199434431059523,0.36654000595335723
2018-01-28 13:00:00,0.5172518270124474,0.558672156459084,0.4803151938182283,0.4486614058427949,0.41199434431059523
2018-01-28 14:00:00,0.548835754162794,0.24997426659804428,0.5172518270124474,0.4803151938182283,0.4486614058427949
2018-01-28 15:00:00,0.5768203301075857,0.23093154915079772,0.548835754162794,0.5172518270124474,0.4803151938182283
2018-01-28 16:00:00,0.6003368506740052,0.375193000514668,0.5768203301075857,0.548835754162794,0.5172518270124474
2018-01-28 17:00:00,0.6155634731157321,0.3684251158003088,0.6003368506740052,0.5768203301075857,0.548835754162794
2018-01-28 18:00:00,0.5883192700455008,0.35012866700977874,0.6155634731157321,0.6003368506740052,0.5768203301075857
2018-01-28 19:00:00,0.5314024408764798,0.336026762738034,0.5883192700455008,0.6155634731157321,0.6003368506740052
2018-01-28 20:00:00,0.5059928438215694,0.27444673185795165,0.5314024408764798,0.5883192700455008,0.6155634731157321
2018-01-28 21:00:00,0.4495559281466227,0.18265568708183216,0.5059928438215694,0.5314024408764798,0.5883192700455008
2018-01-28 22:00:00,0.3713080072655258,0.20764282038085433,0.4495559281466227,0.5059928438215694,0.5314024408764798
2018-01-28 23:00:00,0.2776117317587311,0.1587493566649511,0.3713080072655258,0.4495559281466227,0.5059928438215694
2018-01-29 00:00:00,0.21780251255976135,0.10679361811631496,0.2776117317587311,0.3713080072655258,0.4495559281466227
2018-01-29 01:00:00,0.15919003966879886,0.14657745753988674,0.21780251255976135,0.2776117317587311,0.3713080072655258
2018-01-29 02:00:00,0.11349878199170171,0.15288214101904268,0.15919003966879886,0.21780251255976135,0.2776117317587311
2018-01-29 03:00:00,0.10343122961127005,0.13991250643335046,0.11349878199170171,0.15919003966879886,0.21780251255976135
2018-01-29 04:00:00,0.12784227248151725,0.16829644879053007,0.10343122961127005,0.11349878199170171,0.15919003966879886
2018-01-29 05:00:00,0.21333977267895,0.24230571281523416,0.12784227248151725,0.10343122961127005,0.11349878199170171
2018-01-29 06:00:00,0.3521942373931586,0.18944930519814715,0.21333977267895,0.12784227248151725,0.10343122961127005
2018-01-29 07:00:00,0.47763997983148343,0.2962686567164179,0.3521942373931586,0.21333977267895,0.12784227248151725
2018-01-29 08:00:00,0.5620865302254379,0.4006690684508492,0.47763997983148343,0.3521942373931586,0.21333977267895
2018-01-29 09:00:00,0.5952605505033017,0.3159547092125579,0.5620865302254379,0.47763997983148343,0.3521942373931586
2018-01-29 10:00:00,0.6191210596975938,0.2918167781780751,0.5952605505033017,0.5620865302254379,0.47763997983148343
2018-01-29 11:00:00,0.6389167319713511,0.3540144107050952,0.6191210596975938,0.5952605505033017,0.5620865302254379
2018-01-29 12:00:00,0.68197681835578,0.3430777148739063,0.6389167319713511,0.6191210596975938,0.5952605505033017
2018-01-29 13:00:00,0.7205194911701992,0.3661348430262481,0.68197681835578,0.6389167319713511,0.6191210596975938
2018-01-29 14:00:00,0.7613227691616093,0.2984045290787442,0.7205194911701992,0.68197681835578,0.6389167319713511
2018-01-29 15:00:00,0.8103734212972246,0.3019814719505919,0.7613227691616093,0.7205194911701992,0.68197681835578
2018-01-29 16:00:00,0.8475629203039858,0.3032681420483788,0.8103734212972246,0.7613227691616093,0.7205194911701992
2018-01-29 17:00:00,0.8355126873333212,0.30149253731343284,0.8475629203039858,0.8103734212972246,0.7613227691616093
2018-01-29 18:00:00,0.7655402367978227,0.28154915079773546,0.8355126873333212,0.8475629203039858,0.8103734212972246
2018-01-29 19:00:00,0.6688133683244945,0.31451363870303656,0.7655402367978227,0.8355126873333212,0.8475629203039858
2018-01-29 20:00:00,0.608468802585458,0.2609624292331446,0.6688133683244945,0.7655402367978227,0.8355126873333212
2018-01-29 21:00:00,0.5205846439831605,0.12349459598558926,0.608468802585458,0.6688133683244945,0.7655402367978227
2018-01-29 22:00:00,0.4416305212832522,0.14104477611940297,0.5205846439831605,0.608468802585458,0.6688133683244945
2018-01-29 23:00:00,0.36421029930807414,0.12622233659289755,0.4416305212832522,0.5205846439831605,0.608468802585458
2018-01-30 00:00:00,0.287356557501534,0.08978383942357177,0.36421029930807414,0.4416305212832522,0.5205846439831605
2018-01-30 01:00:00,0.21096754205317936,0.10298507462686565,0.287356557501534,0.36421029930807414,0.4416305212832522
2018-01-30 02:00:00,0.14260416856505864,0.0964745239320638,0.21096754205317936,0.287356557501534,0.36421029930807414
2018-01-30 03:00:00,0.12996467472192352,0.11559444158517751,0.14260416856505864,0.21096754205317936,0.287356557501534
2018-01-30 04:00:00,0.14884835948558128,0.10043746783324753,0.12996467472192352,0.14260416856505864,0.21096754205317936
2018-01-30 05:00:00,0.22724587365517912,0.11245496654657744,0.14884835948558128,0.12996467472192352,0.14260416856505864
2018-01-30 06:00:00,0.36019709864955973,0.20579001544004116,0.22724587365517912,0.14884835948558128,0.12996467472192352
2018-01-30 07:00:00,0.46670144520785106,0.25748841996911986,0.36019709864955973,0.22724587365517912,0.14884835948558128
2018-01-30 08:00:00,0.5143450092034044,0.2494338651569737,0.46670144520785106,0.36019709864955973,0.22724587365517912
2018-01-30 09:00:00,0.5632225279898915,0.2945702521873392,0.5143450092034044,0.46670144520785106,0.36019709864955973
2018-01-30 10:00:00,0.6070791796516679,0.25365414307771483,0.5632225279898915,0.5143450092034044,0.46670144520785106
2018-01-30 11:00:00,0.6369910031406998,0.24791559444158517,0.6070791796516679,0.5632225279898915,0.5143450092034044
2018-01-30 12:00:00,0.684062771470054,0.2835820895522388,0.6369910031406998,0.6070791796516679,0.5632225279898915
2018-01-30 13:00:00,0.7393674861645192,0.3168811116829645,0.684062771470054,0.6369910031406998,0.6070791796516679
2018-01-30 14:00:00,0.79706417476141,0.3329902213072568,0.7393674861645192,0.684062771470054,0.6369910031406998
2018-01-30 15:00:00,0.8671960902237369,0.5005404014410705,0.79706417476141,0.7393674861645192,0.684062771470054
2018-01-30 16:00:00,0.9005903239719829,0.5909675759135358,0.8671960902237369,0.79706417476141,0.7393674861645192
2018-01-30 17:00:00,0.8551686379569051,0.34531652084405556,0.9005903239719829,0.8671960902237369,0.79706417476141
2018-01-30 18:00:00,0.7849220596186206,0.22159032424086458,0.8551686379569051,0.9005903239719829,0.8671960902237369
2018-01-30 19:00:00,0.6996470509619532,0.3565877509006691,0.7849220596186206,0.8551686379569051,0.9005903239719829
2018-01-30 20:00:00,0.6243963113484354,0.32148739063304166,0.6996470509619532,0.7849220596186206,0.8551686379569051
2018-01-30 21:00:00,0.5060049935302802,0.19953679876479669,0.6243963113484354,0.6996470509619532,0.7849220596186206
2018-01-30 22:00:00,0.4006138640326098,0.15244467318579513,0.5060049935302802,0.6243963113484354,0.6996470509619532
2018-01-30 23:00:00,0.31552793521775313,0.1025990735975296,0.4006138640326098,0.5060049935302802,0.6243963113484354
2018-01-31 00:00:00,0.25355758658186167,0.07413793103448274,0.31552793521775313,0.4006138640326098,0.5060049935302802
2018-01-31 01:00:00,0.16609563035726216,0.06659804426145133,0.25355758658186167,0.31552793521775313,0.4006138640326098
2018-01-31 02:00:00,0.09322927107822587,0.0645136387030365,0.16609563035726216,0.25355758658186167,0.31552793521775313
2018-01-31 03:00:00,0.0760192086894717,0.07794647452393202,0.09322927107822587,0.16609563035726216,0.25355758658186167
2018-01-31 04:00:00,0.103413005048204,0.10303654143077712,0.0760192086894717,0.09322927107822587,0.16609563035726216
2018-01-31 05:00:00,0.18594521696342325,0.12655687081832215,0.103413005048204,0.0760192086894717,0.09322927107822587
2018-01-31 06:00:00,0.29959359224362603,0.161219763252702,0.18594521696342325,0.103413005048204,0.0760192086894717
2018-01-31 07:00:00,0.3800368136173935,0.21006176016469374,0.29959359224362603,0.18594521696342325,0.103413005048204
2018-01-31 08:00:00,0.4002964528925419,0.16875965002573334,0.3800368136173935,0.29959359224362603,0.18594521696342325
2018-01-31 09:00:00,0.403966424279978,0.17967061245496652,0.4002964528925419,0.3800368136173935,0.29959359224362603
2018-01-31 10:00:00,0.3936627119364814,0.1922799794132784,0.403966424279978,0.4002964528925419,0.3800368136173935
2018-01-31 11:00:00,0.3742520335574955,0.20030880082346886,0.3936627119364814,0.403966424279978,0.4002964528925419
2018-01-31 12:00:00,0.36168315989624145,0.21716417910447758,0.3742520335574955,0.3936627119364814,0.403966424279978
2018-01-31 13:00:00,0.3462651795423204,0.20005146680391145,0.36168315989624145,0.3742520335574955,0.3936627119364814
2018-01-31 14:00:00,0.34132936037858497,0.20231600617601644,0.3462651795423204,0.36168315989624145,0.3742520335574955
2018-01-31 15:00:00,0.35678378985863823,0.21387030365414303,0.34132936037858497,0.3462651795423204,0.36168315989624145
2018-01-31 16:00:00,0.3756727901198569,0.22933607822954194,0.35678378985863823,0.34132936037858497,0.3462651795423204
2018-01-31 17:00:00,0.3775962408801248,0.17200205867215645,0.3756727901198569,0.35678378985863823,0.34132936037858497
2018-01-31 18:00:00,0.3469653065067765,0.10365414307771484,0.3775962408801248,0.3756727901198569,0.35678378985863823
2018-01-31 19:00:00,0.3320242022197518,0.1510036026762738,0.3469653065067765,0.3775962408801248,0.3756727901198569
2018-01-31 20:00:00,0.311283890093735,0.15720535254760679,0.3320242022197518,0.3469653065067765,0.3775962408801248
2018-01-31 21:00:00,0.25745308693724067,0.11868244981986617,0.311283890093735,0.3320242022197518,0.3469653065067765
2018-01-31 22:00:00,0.22043899934999056,0.09390118373648992,0.25745308693724067,0.311283890093735,0.3320242022197518
2018-01-31 23:00:00,0.18702578168188422,0.09729799279464743,0.22043899934999056,0.25745308693724067,0.311283890093735
2018-02-01 00:00:00,0.16050828306391363,0.12110138960370562,0.18702578168188422,0.22043899934999056,0.25745308693724067
